ID,Title,Content,Excerpt,Date,"Post Type",Permalink
32211,"Свитшот ""INFINITY Man""","СОСТАВ: 92% хлопок, 8% лайкра.

УХОД: Машинная стирка при 30С',с максимальным отжимом до 800 оборотов. Ручная стирка при 30-40С', с замачиванием не более 15 минут, без трения на месте нанесения принта. Гладить при средней температуре, вывернув изделие наизнанку.","Свитшот с принтом в виде знака бесконечности. Выполнен из качественного трикотажа.",05.01.2022,product,https://bc-click.uz/product/svitshot-infiniti-man/
32212,"Костюм двойка ""BEIGE""","СОСТАВ: 92% Хлопок, 8% Лайкра.

ПАРАМЕТРЫ: Размер изделия на модели: L.

УХОД: Машинная стирка при 30С', с максимальным отжимом до 800 оборотов. Ручная стирка при 30-40С', с замачиванием не более 15 минут, без трения на месте нанесения принта. Гладить при средней температуре, вывернув изделие наизнанку.

&nbsp;","Костюм двойка из качественного трикотажа с фирменным принтом. Комплект состоит из худи и брюк, свободного кроя.",05.01.2022,product,https://bc-click.uz/product/kostyum-dvojka-beige/
32213,"Футболка ""Squid Game""","СОСТАВ: 100% хлопок высшего качества.

ПАРАМЕТРЫ: Рост модели на фото: 178 см.  Размер изделия на модели: L.

УХОД: Машинная стирка при 30С', с максимальным отжимом до 800 оборотов. Ручная стирка при 30-40С', с замачиванием не более 15 минут, без трения на месте нанесения принта. Гладить при средней температуре, вывернув изделие наизнанку.","Футболка в стиле oversize с фирменным принтом ""SQUID GAME"".",05.01.2022,product,https://bc-click.uz/product/futbolka-squid-game/
32214,"Свитшот ""CLICK 2""","СОСТАВ: 92% Хлопок, 8% Лайкра.

ПАРАМЕТРЫ: Рост модели на фото: 192 см. Размер изделия на модели: L.

УХОД: Машинная стирка при 30С', с максимальным отжимом до 800 оборотов. Ручная стирка при 30-40С', с замачиванием не более 15 минут, без трения на месте нанесения принта. Гладить при средней температуре, вывернув изделие наизнанку.","Свитшот из качественного трикотажа с фирменным принтом.",05.01.2022,product,https://bc-click.uz/product/svitshot-click-2/
32215,"Свитшот ""CLICK CLASSIC""","СОСТАВ: 100% хлопок высшего качества.

ПАРАМЕТРЫ: Рост модели на фото: 178 см. Размер изделия на модели: L.

УХОД: Машинная стирка при 30С', с максимальным отжимом до 800 оборотов. Ручная стирка при 30-40С', с замачиванием не более 15 минут, без трения на месте нанесения принта. Гладить при средней температуре, вывернув изделие наизнанку.","Футболка в стиле oversize с фирменным принтом ""CLICK CLASSIC"".",05.01.2022,product,https://bc-click.uz/product/svitshot-click-classic/
32216,"Футболка ""CLICK Classic""","СОСТАВ: 100% хлопок высшего качества.

ПАРАМЕТРЫ: Рост модели на фото: 178 см. Размер изделия на модели: L.

УХОД: Машинная стирка при 30С', с максимальным отжимом до 800 оборотов. Ручная стирка при 30-40С', с замачиванием не более 15 минут, без трения на месте нанесения принта. Гладить при средней температуре, вывернув изделие наизнанку.","Футболка в стиле oversize с фирменным принтом.",05.01.2022,product,https://bc-click.uz/product/futbolka-click-classic/
32217,"Футболка ""NAVY BLUE""","СОСТАВ: 100% хлопок высшего качества.

ПАРАМЕТРЫ: Рост модели на фото: 178 см. Размер изделия на модели: L.

УХОД: Машинная стирка при 30С', с максимальным отжимом до 800 оборотов. Ручная стирка при 30-40С', с замачиванием не более 15 минут, без трения на месте нанесения принта. Гладить при средней температуре, вывернув изделие наизнанку.","Футболка в стиле oversize с фирменным принтом.",05.01.2022,product,https://bc-click.uz/product/futbolka-navy-blue/
32218,"Футболка ""CLICK UP""","СОСТАВ: 100% качественный хлопок.

ПАРАМЕТРЫ: Рост модели на фото: 178 см. Размер изделия на модели: L.

УХОД: Машинная стирка при 30С', с максимальным отжимом до 800 оборотов. Ручная стирка при 30-40С', с замачиванием не более 15 минут, без трения на месте нанесения принта. Гладить при средней температуре, вывернув изделие наизнанку.

&nbsp;","Базовая футболка с принтом ""CLICK 2"", свободного кроя в стиле Oversize. Выполнена из качественного хлопка.",05.01.2022,product,https://bc-click.uz/product/futbolka-click-up/
32219,"Костюм двойка ""BLACK""",,,05.01.2022,product,https://bc-click.uz/?post_type=product&p=32219
32220,"Худи ""CLICK""","СОСТАВ: 92% Хлопок, 8% Лайкра.

ПАРАМЕТРЫ: Рост модели на фото: 192 см Размер изделия на модели: L.

УХОД: Машинная стирка при 30С', с максимальным отжимом до 800 оборотов. Ручная стирка при 30-40С', с замачиванием не более 15 минут, без трения на месте нанесения принта. Гладить при средней температуре, вывернув изделие наизнанку.","Худи из качественного хлопка с фирменным принтом.",05.01.2022,product,https://bc-click.uz/product/hudi-click/
32221,"Костюм двойка""NAVY BLUE""","СОСТАВ: 92% Хлопок, 8% Лайкра.

ПАРАМЕТРЫ: Рост модели на фото: 192 см Размер изделия на модели: L.

УХОД: Машинная стирка при 30С', с максимальным отжимом до 800 оборотов. Ручная стирка при 30-40С', с замачиванием не более 15 минут, без трения на месте нанесения принта. Гладить при средней температуре, вывернув изделие наизнанку.

&nbsp;","Костюм двойка из Хлопка с виниловым бархатным нанесением. Выполнен по индивидуальному дизайну из качественных материалов.",05.01.2022,product,https://bc-click.uz/product/kostyum-dvojkanavy-blue/
32222,"Костюм двойка ""Casual Bling""","СОСТАВ: 92% Хлопок, 8% Лайкра

ПАРАМЕТРЫ: Рост модели на фото: 173 см Размер изделия на модели: S

УХОД: Машинная стирка при 30С', с минимальным отжимом до 400 оборотов. Ручная стирка при 30-40С', с замачиванием не более 15 минут, без трения на месте нанесения принта. Гладить при средней температуре, вывернув изделие наизнанку.","Костюм свободного кроя с модным принтом ""Casual Bling""",05.01.2022,product,https://bc-click.uz/?post_type=product&p=32222
32223,"Термостакан""MATTE""","УХОД: Рекомендуется чистить внутренность термостакана с помощью средств для мытья посуды и длинной щетки после каждого использования.","Термостакан для жидкости с сохранением необходимой температуры. Матовая поверхность придает стильный дизайн, а гравированные иконки делают термостакан уникальным.

Объем: 500 мл.",05.01.2022,product,https://bc-click.uz/product/termostakanmattered/
32224,"Костюм двойка ""Dark Grey""","СОСТАВ: 92% Хлопок, 8% Лайкра.

УХОД: Машинная стирка при 30С', с максимальным отжимом до 800 оборотов. Ручная стирка при 30-40С', с замачиванием не более 15 минут, без трения на месте нанесения принта. Гладить при средней температуре, вывернув изделие наизнанку.

&nbsp;","Костюм двойка из Хлопка с принтом. Выполнен по индивидуальному дизайну из качественных материалов.",05.01.2022,product,https://bc-click.uz/product/kostyum-dvojka-gray-black/
32225,"Костюм  двойка ""CLICKY Women""","СОСТАВ: 92% Хлопок, 8% Лайкра.

УХОД: Машинная стирка при 30С', с максимальным отжимом до 800 оборотов. Ручная стирка при 30-40С', с замачиванием не более 15 минут, без трения на месте нанесения принта. Гладить при средней температуре, вывернув изделие наизнанку.","Костюм свободного кроя с модным принтом. Комплект состоит из свитшота и свободных брюк.",05.01.2022,product,https://bc-click.uz/product/kostyum-dvojka-clicky-women/
32226,"Худи ""SPORTY""","СОСТАВ: 92% Хлопок, 8% Лайкра.

ПАРАМЕТРЫ: Рост модели на фото: 192 см Размер изделия на модели: L.

УХОД: Машинная стирка при 30С', с максимальным отжимом до 800 оборотов. Ручная стирка при 30-40С', с замачиванием не более 15 минут, без трения на месте нанесения принта. Гладить при средней температуре, вывернув изделие наизнанку.","Худи из качественного хлопка с фирменным принтом.",05.01.2022,product,https://bc-click.uz/product/hudi-sporty/
32227,"USB шнур",,"USB кабель для зарядки устройств. Выполнены из качественных материалов, тем самым обеспечивает долгосрочное использование.",05.01.2022,product,https://bc-click.uz/product/usb-shnur/
32228,"Свитшот ""CASHBASKBUSTERS""","СОСТАВ: 92% Хлопок, 8% Лайкра.

ПАРАМЕТРЫ: Рост модели на фото: 178 см Размер изделия на модели: L.

УХОД: Машинная стирка при 30С', с максимальным отжимом до 800 оборотов. Ручная стирка при 30-40С', с замачиванием не более 15 минут, без трения на месте нанесения принта. Гладить при средней температуре, вывернув изделие наизнанку.

&nbsp;","Свитшот мужской из хлопка высшего качества с фирменным ярким принтом.",05.01.2022,product,https://bc-click.uz/product/svitshot-cashbaskbusters/
32229,"Сумка для ноутбука","Сумка для ноутбука и документов изготовлен из прочного материала,  уплотнёнными стенками и с регулируемым плечевым ремнём. Отстегивающийся регулируемый плечевой ремень. Сумка для ноутбуков  универсальная деловая. Лаконичный и элегантный дизайн. Эта сумка идеально подойдет для любителей классики всех возрастов.

Состав: Эко кожа.

Параметры: количество отделений : 2.  Вид застежки: молния.  Карманы:  3 внутренних.

Размеры: Внутренние размеры чехла для ноутбука: 37 x 3 x 25 см. Длинна ремешка: 130 см ширина: 3,5 см

УХОД: Только ручная стирка или профессиональная чистка.","Фирменная сумка для ноутбука из качественной эко-кожи. Стильный дизайн, презентабельный и деловой вид. Очень вместительная и прочная.",05.01.2022,product,https://bc-click.uz/product/sumka-dlya-noutbuka/
32230,"Термостакан""ICONS""DARK",,,05.01.2022,product,https://bc-click.uz/?post_type=product&p=32230
32231,"Футболка ""White CLICK""","&nbsp;

СОСТАВ: 100% хлопок высшего качества.

ПАРАМЕТРЫ: Рост модели на фото: 178 см Размер изделия на модели: L.

УХОД: Машинная стирка при 30С', с максимальным отжимом до 800 оборотов. Ручная стирка при 30-40С', с замачиванием не более 15 минут, без трения на месте нанесения принта. Гладить при средней температуре, вывернув изделие наизнанку.","Футболка в стиле oversize с фирменным принтом",05.01.2022,product,https://bc-click.uz/product/futbolka-white-click/
32232,"Костюм двойка""ICONS""","СОСТАВ: 92% Хлопок, 8% Лайкра.

ПАРАМЕТРЫ: Рост модели на фото: 173 см. Размер изделия на модели: S.

УХОД: Машинная стирка при 30С', с максимальным отжимом до 800 оборотов. Ручная стирка при 30-40С', с замачиванием не более 15 минут, без трения на месте нанесения принта. Гладить при средней температуре, вывернув изделие наизнанку.","Костюм свободного кроя с модным принтом ""Icons"" спереди и в области спины. Костюм состоит из Мокнека с карманами и свободных брюк.",05.01.2022,product,https://bc-click.uz/product/kostyum-dvoyka-icons/
32233,"Термостакан""ICONS""","УХОД: Рекомендуется чистить внутренность термостакана с помощью средств для мытья посуды и длинной щетки после каждого использования.","Стильный и удобный термостакан с гравировкой. Отлично держит температуру, а прочный клапан не позволяет жидкости проливаться наружу.

Объем: 500 мл.",05.01.2022,product,https://bc-click.uz/product/termostakaniconsblue/
32234,"Футболка ""SQUARE""","СОСТАВ: 92% Хлопок, 8% Лайкра.

ПАРАМЕТРЫ: Рост модели на фото: 178 см  Размер изделия на модели: L.

УХОД: Машинная стирка при 30С', с максимальным отжимом до 800 оборотов. Ручная стирка при 30-40С', с замачиванием не более 15 минут, без трения на месте нанесения принта. Гладить при средней температуре, вывернув изделие наизнанку.

&nbsp;","Футболка из качественного трикотажа с модным фирменным принтом.",05.01.2022,product,https://bc-click.uz/product/futbolka-square/
32235,"Костюм двойка ""RED""","СОСТАВ: 92% Хлопок, 8% Лайкра.

ПАРАМЕТРЫ: Рост модели на фото: 192 см Размер изделия на модели: L.

УХОД: Машинная стирка при 30С', с максимальным отжимом до 800 оборотов. Ручная стирка при 30-40С', с замачиванием не более 15 минут, без трения на месте нанесения принта. Гладить при средней температуре, вывернув изделие наизнанку.","Костюм двойка из Хлопка с фирменным принтом. Выполнен по индивидуальному дизайну из качественных материалов.",05.01.2022,product,https://bc-click.uz/product/kostyum-dvojka-red/
32236,"Свитшот""BORDERLESS""","СОСТАВ: 92% Хлопок, 8% Лайкра.

ПАРАМЕТРЫ: Рост модели на фото: 192 см  Размер изделия на модели: L.

УХОД: Машинная стирка при 30С', с максимальным отжимом до 800 оборотов. Ручная стирка при 30-40С', с замачиванием не более 15 минут, без трения на месте нанесения принта. Гладить при средней температуре, вывернув изделие наизнанку.","Свитшот с модным принтом ""BORDERLESS"".",05.01.2022,product,https://bc-click.uz/product/svitshotborderless/
32237,"Футболка ""Rectangle""","СОСТАВ: 100% хлопок высшего качества.

Параметры: Рост модели на фото: 178 см Размер изделия на модели: L.

УХОД: Машинная стирка при 30С', с максимальным отжимом до 800 оборотов. Ручная стирка при 30-40С', с замачиванием не более 15 минут, без трения на месте нанесения принта. Гладить при средней температуре, вывернув изделие наизнанку.","Футболка в стиле oversize с фирменным принтом ""White CLICK"".",05.01.2022,product,https://bc-click.uz/product/futbolka-rectangle/
32239,"Свитшот ""IN CLICK WE TRUST""","СОСТАВ: 100% хлопок высшего качества.

ПАРАМЕТРЫ: Рост модели на фото: 178 см Размер изделия на модели: L.

УХОД: Машинная стирка при 30С', с максимальным отжимом до 800 оборотов. Ручная стирка при 30-40С', с замачиванием не более 15 минут, без трения на месте нанесения принта. Гладить при средней температуре, вывернув изделие наизнанку.","Свитшот с фирменным принтом ""IN CLICK WE TRUST"".",05.01.2022,product,https://bc-click.uz/product/svitshot-in-click-we-trust/
32240,"Футболка ""YELLOW""","СОСТАВ: 100% хлопок высшего качества.

ПАРАМЕТРЫ: Рост модели на фото: 178 см. Размер изделия на модели: L.

УХОД: Машинная стирка при 30С', с максимальным отжимом до 800 оборотов. Ручная стирка при 30-40С', с замачиванием не более 15 минут, без трения на месте нанесения принта. Гладить при средней температуре, вывернув изделие наизнанку.","Футболка в стиле oversize с фирменным принтом.",05.01.2022,product,https://bc-click.uz/product/futbolka-yellow/
32241,"Костюм двойка ""GREY""","СОСТАВ: 92% Хлопок, 8% Лайкра.

УХОД: Машинная стирка при 30С', с максимальный  отжимом до 800 оборотов. Ручная стирка при 30-40С', с замачиванием не более 15 минут, без трения на месте нанесения принта. Гладить при средней температуре, вывернув изделие наизнанку.

&nbsp;","Костюм двойка из Хлопка с принтом. Выполнен по индивидуальному дизайну из качественных материалов.",05.01.2022,product,https://bc-click.uz/product/kostyum-dvojka-grey/
32242,"Футболка""ABSTRACTION""","СОСТАВ: 100% хлопок высшего качества.

ПАРАМЕТРЫ: Рост модели на фото: 192 см Размер изделия на модели: L.

УХОД: Машинная стирка при 30С', с максимальным отжимом до 800 оборотов. Ручная стирка при 30-40С', с замачиванием не более 15 минут, без трения на месте нанесения принта. Гладить при средней температуре, вывернув изделие наизнанку.","Футболка из качественного трикотажа с фирменным принтом ""ABSTRACTION"".",05.01.2022,product,https://bc-click.uz/product/futbolkaabstraction/
32243,"Термостакан""CLICK""","УХОД: Рекомендуется чистить внутренность термостакана с помощью средств для мытья посуды и длинной щетки после каждого использования.","Стильный и удобный термостакан с гравировкой. Отлично держит температуру, а прочный клапан не позволяет жидкости проливаться наружу.

Объем: 500гр.",05.01.2022,product,https://bc-click.uz/product/termostakanclick-gray/
32244,"Свитшот ""INFINITY Man"" - L",,"Размер: L",05.01.2022,product_variation,https://bc-click.uz/product/svitshot-infiniti-man/?attribute_pa_size=l
32245,"Свитшот ""INFINITY Man"" - M",,"Размер: M",05.01.2022,product_variation,https://bc-click.uz/product/svitshot-infiniti-man/?attribute_pa_size=m
32246,"Свитшот ""INFINITY Man"" - S",,"Размер: S",05.01.2022,product_variation,https://bc-click.uz/product/svitshot-infiniti-man/?attribute_pa_size=s
32247,"Свитшот ""INFINITY Man"" - XL",,"Размер: XL",05.01.2022,product_variation,https://bc-click.uz/product/svitshot-infiniti-man/?attribute_pa_size=xl
32248,"Свитшот ""INFINITY Man"" - XXL",,"Размер: XXL",05.01.2022,product_variation,https://bc-click.uz/product/svitshot-infiniti-man/?attribute_pa_size=xxl
32249,"Костюм двойка ""BEIGE"" - L",,"Размер: L",05.01.2022,product_variation,https://bc-click.uz/product/kostyum-dvojka-beige/?attribute_pa_size=l
32250,"Костюм двойка ""BEIGE"" - M",,"Размер: M",05.01.2022,product_variation,https://bc-click.uz/product/kostyum-dvojka-beige/?attribute_pa_size=m
32251,"Костюм двойка ""BEIGE"" - S",,"Размер: S",05.01.2022,product_variation,https://bc-click.uz/product/kostyum-dvojka-beige/?attribute_pa_size=s
32252,"Костюм двойка ""BEIGE"" - XL",,"Размер: XL",05.01.2022,product_variation,https://bc-click.uz/product/kostyum-dvojka-beige/?attribute_pa_size=xl
32253,"Костюм двойка ""BEIGE"" - XXL",,"Размер: XXL",05.01.2022,product_variation,https://bc-click.uz/product/kostyum-dvojka-beige/?attribute_pa_size=xxl
32254,"Футболка ""Squid Game"" - L",,"Размер: L",05.01.2022,product_variation,https://bc-click.uz/product/futbolka-squid-game/?attribute_pa_size=l
32255,"Футболка ""Squid Game"" - M",,"Размер: M",05.01.2022,product_variation,https://bc-click.uz/product/futbolka-squid-game/?attribute_pa_size=m
32256,"Футболка ""Squid Game"" - S",,"Размер: S",05.01.2022,product_variation,https://bc-click.uz/product/futbolka-squid-game/?attribute_pa_size=s
32257,"Футболка ""Squid Game"" - XL",,"Размер: XL",05.01.2022,product_variation,https://bc-click.uz/product/futbolka-squid-game/?attribute_pa_size=xl
32258,"Футболка ""Squid Game"" - XXL",,"Размер: XXL",05.01.2022,product_variation,https://bc-click.uz/product/futbolka-squid-game/?attribute_pa_size=xxl
32259,"Свитшот ""CLICK 2"" - L",,"Размер: L",05.01.2022,product_variation,https://bc-click.uz/product/svitshot-click-2/?attribute_pa_size=l
32260,"Свитшот ""CLICK 2"" - M",,"Размер: M",05.01.2022,product_variation,https://bc-click.uz/product/svitshot-click-2/?attribute_pa_size=m
32261,"Свитшот ""CLICK 2"" - S",,"Размер: S",05.01.2022,product_variation,https://bc-click.uz/product/svitshot-click-2/?attribute_pa_size=s
32262,"Свитшот ""CLICK 2"" - XL",,"Размер: XL",05.01.2022,product_variation,https://bc-click.uz/product/svitshot-click-2/?attribute_pa_size=xl
32263,"Свитшот ""CLICK 2"" - XXL",,"Размер: XXL",05.01.2022,product_variation,https://bc-click.uz/product/svitshot-click-2/?attribute_pa_size=xxl
32264,"Свитшот ""CLICK CLASSIC"" - L",,"Размер: L",05.01.2022,product_variation,https://bc-click.uz/product/svitshot-click-classic/?attribute_pa_size=l
32265,"Свитшот ""CLICK CLASSIC"" - M",,"Размер: M",05.01.2022,product_variation,https://bc-click.uz/product/svitshot-click-classic/?attribute_pa_size=m
32266,"Свитшот ""CLICK CLASSIC"" - S",,"Размер: S",05.01.2022,product_variation,https://bc-click.uz/product/svitshot-click-classic/?attribute_pa_size=s
32267,"Свитшот ""CLICK CLASSIC"" - XL",,"Размер: XL",05.01.2022,product_variation,https://bc-click.uz/product/svitshot-click-classic/?attribute_pa_size=xl
32268,"Свитшот ""CLICK CLASSIC"" - XXL",,"Размер: XXL",05.01.2022,product_variation,https://bc-click.uz/product/svitshot-click-classic/?attribute_pa_size=xxl
32269,"Футболка ""CLICK Classic"" - L",,"Размер: L",05.01.2022,product_variation,https://bc-click.uz/product/futbolka-click-classic/?attribute_pa_size=l
32270,"Футболка ""CLICK Classic"" - M",,"Размер: M",05.01.2022,product_variation,https://bc-click.uz/product/futbolka-click-classic/?attribute_pa_size=m
32271,"Футболка ""CLICK Classic"" - S",,"Размер: S",05.01.2022,product_variation,https://bc-click.uz/product/futbolka-click-classic/?attribute_pa_size=s
32272,"Футболка ""CLICK Classic"" - XL",,"Размер: XL",05.01.2022,product_variation,https://bc-click.uz/product/futbolka-click-classic/?attribute_pa_size=xl
32273,"Футболка ""CLICK Classic"" - XXL",,"Размер: XXL",05.01.2022,product_variation,https://bc-click.uz/product/futbolka-click-classic/?attribute_pa_size=xxl
32274,"Футболка ""NAVY BLUE"" - L",,"Размер: L",05.01.2022,product_variation,https://bc-click.uz/product/futbolka-navy-blue/?attribute_pa_size=l
32275,"Футболка ""NAVY BLUE"" - M",,"Размер: M",05.01.2022,product_variation,https://bc-click.uz/product/futbolka-navy-blue/?attribute_pa_size=m
32276,"Футболка ""NAVY BLUE"" - S",,"Размер: S",05.01.2022,product_variation,https://bc-click.uz/product/futbolka-navy-blue/?attribute_pa_size=s
32277,"Футболка ""NAVY BLUE"" - XL",,"Размер: XL",05.01.2022,product_variation,https://bc-click.uz/product/futbolka-navy-blue/?attribute_pa_size=xl
32278,"Футболка ""NAVY BLUE"" - XXL",,"Размер: XXL",05.01.2022,product_variation,https://bc-click.uz/product/futbolka-navy-blue/?attribute_pa_size=xxl
32279,"Футболка ""CLICK UP"" - L",,"Размер: L",05.01.2022,product_variation,https://bc-click.uz/product/futbolka-click-up/?attribute_pa_size=l
32280,"Футболка ""CLICK UP"" - M",,"Размер: M",05.01.2022,product_variation,https://bc-click.uz/product/futbolka-click-up/?attribute_pa_size=m
32281,"Футболка ""CLICK UP"" - S",,"Размер: S",05.01.2022,product_variation,https://bc-click.uz/product/futbolka-click-up/?attribute_pa_size=s
32282,"Футболка ""CLICK UP"" - XL",,"Размер: XL",05.01.2022,product_variation,https://bc-click.uz/product/futbolka-click-up/?attribute_pa_size=xl
32283,"Футболка ""CLICK UP"" - XXL",,"Размер: XXL",05.01.2022,product_variation,https://bc-click.uz/product/futbolka-click-up/?attribute_pa_size=xxl
32284,"Костюм двойка ""BLACK"" - L",,"Размер: L",05.01.2022,product_variation,https://bc-click.uz/?post_type=product&p=32219&attribute_pa_size=l
32285,"Костюм двойка ""BLACK"" - M",,"Размер: M",05.01.2022,product_variation,https://bc-click.uz/?post_type=product&p=32219&attribute_pa_size=m
32286,"Костюм двойка ""BLACK"" - S",,"Размер: S",05.01.2022,product_variation,https://bc-click.uz/?post_type=product&p=32219&attribute_pa_size=s
32287,"Костюм двойка ""BLACK"" - XL",,"Размер: XL",05.01.2022,product_variation,https://bc-click.uz/?post_type=product&p=32219&attribute_pa_size=xl
32288,"Костюм двойка ""BLACK"" - XXL",,"Размер: XXL",05.01.2022,product_variation,https://bc-click.uz/?post_type=product&p=32219&attribute_pa_size=xxl
32289,"Худи ""CLICK"" - L",,"Размер: L",05.01.2022,product_variation,https://bc-click.uz/product/hudi-click/?attribute_pa_size=l
32290,"Худи ""CLICK"" - M",,"Размер: M",05.01.2022,product_variation,https://bc-click.uz/product/hudi-click/?attribute_pa_size=m
32291,"Худи ""CLICK"" - S",,"Размер: S",05.01.2022,product_variation,https://bc-click.uz/product/hudi-click/?attribute_pa_size=s
32292,"Худи ""CLICK"" - XL",,"Размер: XL",05.01.2022,product_variation,https://bc-click.uz/product/hudi-click/?attribute_pa_size=xl
32293,"Худи ""CLICK"" - XXL",,"Размер: XXL",05.01.2022,product_variation,https://bc-click.uz/product/hudi-click/?attribute_pa_size=xxl
32294,"Костюм двойка""NAVY BLUE"" - L",,"Размер: L",05.01.2022,product_variation,https://bc-click.uz/product/kostyum-dvojkanavy-blue/?attribute_pa_size=l
32295,"Костюм двойка""NAVY BLUE"" - M",,"Размер: M",05.01.2022,product_variation,https://bc-click.uz/product/kostyum-dvojkanavy-blue/?attribute_pa_size=m
32296,"Костюм двойка""NAVY BLUE"" - S",,"Размер: S",05.01.2022,product_variation,https://bc-click.uz/product/kostyum-dvojkanavy-blue/?attribute_pa_size=s
32297,"Костюм двойка""NAVY BLUE"" - XL",,"Размер: XL",05.01.2022,product_variation,https://bc-click.uz/product/kostyum-dvojkanavy-blue/?attribute_pa_size=xl
32298,"Костюм двойка""NAVY BLUE"" - XXL",,"Размер: XXL",05.01.2022,product_variation,https://bc-click.uz/product/kostyum-dvojkanavy-blue/?attribute_pa_size=xxl
32304,"Костюм двойка ""Dark Grey"" - L",,"Размер: L",05.01.2022,product_variation,https://bc-click.uz/product/kostyum-dvojka-gray-black/?attribute_pa_size=l
32305,"Костюм двойка ""Dark Grey"" - M",,"Размер: M",05.01.2022,product_variation,https://bc-click.uz/product/kostyum-dvojka-gray-black/?attribute_pa_size=m
32306,"Костюм двойка ""Dark Grey"" - S",,"Размер: S",05.01.2022,product_variation,https://bc-click.uz/product/kostyum-dvojka-gray-black/?attribute_pa_size=s
32307,"Костюм двойка ""Dark Grey"" - XL",,"Размер: XL",05.01.2022,product_variation,https://bc-click.uz/product/kostyum-dvojka-gray-black/?attribute_pa_size=xl
32308,"Костюм двойка ""Dark Grey"" - XXL",,"Размер: XXL",05.01.2022,product_variation,https://bc-click.uz/product/kostyum-dvojka-gray-black/?attribute_pa_size=xxl
32309,"Костюм  двойка ""CLICKY Women"" - L",,"Размер: L",05.01.2022,product_variation,https://bc-click.uz/product/kostyum-dvojka-clicky-women/?attribute_pa_size=l
32310,"Костюм  двойка ""CLICKY Women"" - M",,"Размер: M",05.01.2022,product_variation,https://bc-click.uz/product/kostyum-dvojka-clicky-women/?attribute_pa_size=m
32311,"Костюм  двойка ""CLICKY Women"" - S",,"Размер: S",05.01.2022,product_variation,https://bc-click.uz/product/kostyum-dvojka-clicky-women/?attribute_pa_size=s
32312,"Костюм  двойка ""CLICKY Women"" - XL",,"Размер: XL",05.01.2022,product_variation,https://bc-click.uz/product/kostyum-dvojka-clicky-women/?attribute_pa_size=xl
32313,"Костюм  двойка ""CLICKY Women"" - XXL",,"Размер: XXL",05.01.2022,product_variation,https://bc-click.uz/product/kostyum-dvojka-clicky-women/?attribute_pa_size=xxl
32314,"Худи ""SPORTY"" - L",,"Размер: L",05.01.2022,product_variation,https://bc-click.uz/product/hudi-sporty/?attribute_pa_size=l
32315,"Худи ""SPORTY"" - M",,"Размер: M",05.01.2022,product_variation,https://bc-click.uz/product/hudi-sporty/?attribute_pa_size=m
32316,"Худи ""SPORTY"" - S",,"Размер: S",05.01.2022,product_variation,https://bc-click.uz/product/hudi-sporty/?attribute_pa_size=s
32317,"Худи ""SPORTY"" - XL",,"Размер: XL",05.01.2022,product_variation,https://bc-click.uz/product/hudi-sporty/?attribute_pa_size=xl
32318,"Худи ""SPORTY"" - XXL",,"Размер: XXL",05.01.2022,product_variation,https://bc-click.uz/product/hudi-sporty/?attribute_pa_size=xxl
32319,"USB шнур",,"Тип шнура: Lightning (iPhone) Nylon",05.01.2022,product_variation,https://bc-click.uz/product/usb-shnur/?attribute_tip-shnura=Lightning+%28iPhone%29+Nylon
32320,"USB шнур",,"Тип шнура: Micro USB Flat для Android устройств",05.01.2022,product_variation,https://bc-click.uz/product/usb-shnur/?attribute_tip-shnura=Micro+USB+Flat+%D0%B4%D0%BB%D1%8F+Android+%D1%83%D1%81%D1%82%D1%80%D0%BE%D0%B9%D1%81%D1%82%D0%B2
32321,"USB шнур",,"Тип шнура: Type-C Flat",05.01.2022,product_variation,https://bc-click.uz/product/usb-shnur/?attribute_tip-shnura=Type-C+Flat
32322,"Свитшот ""CASHBASKBUSTERS"" - L",,"Размер: L",05.01.2022,product_variation,https://bc-click.uz/product/svitshot-cashbaskbusters/?attribute_pa_size=l
32323,"Свитшот ""CASHBASKBUSTERS"" - M",,"Размер: M",05.01.2022,product_variation,https://bc-click.uz/product/svitshot-cashbaskbusters/?attribute_pa_size=m
32324,"Свитшот ""CASHBASKBUSTERS"" - S",,"Размер: S",05.01.2022,product_variation,https://bc-click.uz/product/svitshot-cashbaskbusters/?attribute_pa_size=s
32325,"Свитшот ""CASHBASKBUSTERS"" - XL",,"Размер: XL",05.01.2022,product_variation,https://bc-click.uz/product/svitshot-cashbaskbusters/?attribute_pa_size=xl
32326,"Свитшот ""CASHBASKBUSTERS"" - XXL",,"Размер: XXL",05.01.2022,product_variation,https://bc-click.uz/product/svitshot-cashbaskbusters/?attribute_pa_size=xxl
32327,"Сумка для ноутбука - Коричневый",,"Цвет: Коричневый",05.01.2022,product_variation,https://bc-click.uz/product/sumka-dlya-noutbuka/?attribute_pa_color=korichnevyj
32328,"Сумка для ноутбука - Черный",,"Цвет: Черный",05.01.2022,product_variation,https://bc-click.uz/product/sumka-dlya-noutbuka/?attribute_pa_color=black
32329,"Футболка ""White CLICK"" - L",,"Размер: L",05.01.2022,product_variation,https://bc-click.uz/product/futbolka-white-click/?attribute_pa_size=l
32330,"Футболка ""White CLICK"" - M",,"Размер: M",05.01.2022,product_variation,https://bc-click.uz/product/futbolka-white-click/?attribute_pa_size=m
32331,"Футболка ""White CLICK"" - S",,"Размер: S",05.01.2022,product_variation,https://bc-click.uz/product/futbolka-white-click/?attribute_pa_size=s
32332,"Футболка ""White CLICK"" - XL",,"Размер: XL",05.01.2022,product_variation,https://bc-click.uz/product/futbolka-white-click/?attribute_pa_size=xl
32333,"Футболка ""White CLICK"" - XXL",,"Размер: XXL",05.01.2022,product_variation,https://bc-click.uz/product/futbolka-white-click/?attribute_pa_size=xxl
32334,"Костюм двойка""ICONS"" - Синий, L",,"Цвет: Синий, Размер: L",05.01.2022,product_variation,https://bc-click.uz/product/kostyum-dvoyka-icons/?attribute_pa_color=blue&attribute_pa_size=l
32335,"Костюм двойка""ICONS"" - Синий, M",,"Цвет: Синий, Размер: M",05.01.2022,product_variation,https://bc-click.uz/product/kostyum-dvoyka-icons/?attribute_pa_color=blue&attribute_pa_size=m
32336,"Костюм двойка""ICONS"" - Синий, S",,"Цвет: Синий, Размер: S",05.01.2022,product_variation,https://bc-click.uz/product/kostyum-dvoyka-icons/?attribute_pa_color=blue&attribute_pa_size=s
32337,"Костюм двойка""ICONS"" - Синий, XL",,"Цвет: Синий, Размер: XL",05.01.2022,product_variation,https://bc-click.uz/product/kostyum-dvoyka-icons/?attribute_pa_color=blue&attribute_pa_size=xl
32338,"Костюм двойка""ICONS"" - Синий, XXL",,"Цвет: Синий, Размер: XXL",05.01.2022,product_variation,https://bc-click.uz/product/kostyum-dvoyka-icons/?attribute_pa_color=blue&attribute_pa_size=xxl
32339,"Футболка ""SQUARE"" - L",,"Размер: L",05.01.2022,product_variation,https://bc-click.uz/product/futbolka-square/?attribute_pa_size=l
32340,"Футболка ""SQUARE"" - M",,"Размер: M",05.01.2022,product_variation,https://bc-click.uz/product/futbolka-square/?attribute_pa_size=m
32341,"Футболка ""SQUARE"" - S",,"Размер: S",05.01.2022,product_variation,https://bc-click.uz/product/futbolka-square/?attribute_pa_size=s
32342,"Футболка ""SQUARE"" - XL",,"Размер: XL",05.01.2022,product_variation,https://bc-click.uz/product/futbolka-square/?attribute_pa_size=xl
32343,"Футболка ""SQUARE"" - XXL",,"Размер: XXL",05.01.2022,product_variation,https://bc-click.uz/product/futbolka-square/?attribute_pa_size=xxl
32344,"Костюм двойка ""RED"" - L",,"Размер: L",05.01.2022,product_variation,https://bc-click.uz/product/kostyum-dvojka-red/?attribute_pa_size=l
32345,"Костюм двойка ""RED"" - M",,"Размер: M",05.01.2022,product_variation,https://bc-click.uz/product/kostyum-dvojka-red/?attribute_pa_size=m
32346,"Костюм двойка ""RED"" - S",,"Размер: S",05.01.2022,product_variation,https://bc-click.uz/product/kostyum-dvojka-red/?attribute_pa_size=s
32347,"Костюм двойка ""RED"" - XL",,"Размер: XL",05.01.2022,product_variation,https://bc-click.uz/product/kostyum-dvojka-red/?attribute_pa_size=xl
32348,"Костюм двойка ""RED"" - XXL",,"Размер: XXL",05.01.2022,product_variation,https://bc-click.uz/product/kostyum-dvojka-red/?attribute_pa_size=xxl
32349,"Свитшот""BORDERLESS"" - L",,"Размер: L",05.01.2022,product_variation,https://bc-click.uz/product/svitshotborderless/?attribute_pa_size=l
32350,"Свитшот""BORDERLESS"" - M",,"Размер: M",05.01.2022,product_variation,https://bc-click.uz/product/svitshotborderless/?attribute_pa_size=m
32351,"Свитшот""BORDERLESS"" - S",,"Размер: S",05.01.2022,product_variation,https://bc-click.uz/product/svitshotborderless/?attribute_pa_size=s
32352,"Свитшот""BORDERLESS"" - XL",,"Размер: XL",05.01.2022,product_variation,https://bc-click.uz/product/svitshotborderless/?attribute_pa_size=xl
32353,"Свитшот""BORDERLESS"" - XXL",,"Размер: XXL",05.01.2022,product_variation,https://bc-click.uz/product/svitshotborderless/?attribute_pa_size=xxl
32354,"Футболка ""Rectangle"" - L",,"Размер: L",05.01.2022,product_variation,https://bc-click.uz/product/futbolka-rectangle/?attribute_pa_size=l
32355,"Футболка ""Rectangle"" - M",,"Размер: M",05.01.2022,product_variation,https://bc-click.uz/product/futbolka-rectangle/?attribute_pa_size=m
32356,"Футболка ""Rectangle"" - S",,"Размер: S",05.01.2022,product_variation,https://bc-click.uz/product/futbolka-rectangle/?attribute_pa_size=s
32357,"Футболка ""Rectangle"" - XL",,"Размер: XL",05.01.2022,product_variation,https://bc-click.uz/product/futbolka-rectangle/?attribute_pa_size=xl
32358,"Футболка ""Rectangle"" - XXL",,"Размер: XXL",05.01.2022,product_variation,https://bc-click.uz/product/futbolka-rectangle/?attribute_pa_size=xxl
32364,"Свитшот ""IN CLICK WE TRUST"" - L",,"Размер: L",05.01.2022,product_variation,https://bc-click.uz/product/svitshot-in-click-we-trust/?attribute_pa_size=l
32365,"Свитшот ""IN CLICK WE TRUST"" - M",,"Размер: M",05.01.2022,product_variation,https://bc-click.uz/product/svitshot-in-click-we-trust/?attribute_pa_size=m
32366,"Свитшот ""IN CLICK WE TRUST"" - S",,"Размер: S",05.01.2022,product_variation,https://bc-click.uz/product/svitshot-in-click-we-trust/?attribute_pa_size=s
32367,"Свитшот ""IN CLICK WE TRUST"" - XL",,"Размер: XL",05.01.2022,product_variation,https://bc-click.uz/product/svitshot-in-click-we-trust/?attribute_pa_size=xl
32368,"Свитшот ""IN CLICK WE TRUST"" - XXL",,"Размер: XXL",05.01.2022,product_variation,https://bc-click.uz/product/svitshot-in-click-we-trust/?attribute_pa_size=xxl
32369,"Футболка ""YELLOW"" - L",,"Размер: L",05.01.2022,product_variation,https://bc-click.uz/product/futbolka-yellow/?attribute_pa_size=l
32370,"Футболка ""YELLOW"" - M",,"Размер: M",05.01.2022,product_variation,https://bc-click.uz/product/futbolka-yellow/?attribute_pa_size=m
32371,"Футболка ""YELLOW"" - S",,"Размер: S",05.01.2022,product_variation,https://bc-click.uz/product/futbolka-yellow/?attribute_pa_size=s
32372,"Футболка ""YELLOW"" - XL",,"Размер: XL",05.01.2022,product_variation,https://bc-click.uz/product/futbolka-yellow/?attribute_pa_size=xl
32373,"Футболка ""YELLOW"" - XXL",,"Размер: XXL",05.01.2022,product_variation,https://bc-click.uz/product/futbolka-yellow/?attribute_pa_size=xxl
32374,"Костюм двойка ""GREY"" - L",,"Размер: L",05.01.2022,product_variation,https://bc-click.uz/product/kostyum-dvojka-grey/?attribute_pa_size=l
32375,"Костюм двойка ""GREY"" - M",,"Размер: M",05.01.2022,product_variation,https://bc-click.uz/product/kostyum-dvojka-grey/?attribute_pa_size=m
32376,"Костюм двойка ""GREY"" - S",,"Размер: S",05.01.2022,product_variation,https://bc-click.uz/product/kostyum-dvojka-grey/?attribute_pa_size=s
32377,"Костюм двойка ""GREY"" - XL",,"Размер: XL",05.01.2022,product_variation,https://bc-click.uz/product/kostyum-dvojka-grey/?attribute_pa_size=xl
32378,"Костюм двойка ""GREY"" - XXL",,"Размер: XXL",05.01.2022,product_variation,https://bc-click.uz/product/kostyum-dvojka-grey/?attribute_pa_size=xxl
32379,"Футболка""ABSTRACTION"" - L",,"Размер: L",05.01.2022,product_variation,https://bc-click.uz/product/futbolkaabstraction/?attribute_pa_size=l
32380,"Футболка""ABSTRACTION"" - M",,"Размер: M",05.01.2022,product_variation,https://bc-click.uz/product/futbolkaabstraction/?attribute_pa_size=m
32381,"Футболка""ABSTRACTION"" - S",,"Размер: S",05.01.2022,product_variation,https://bc-click.uz/product/futbolkaabstraction/?attribute_pa_size=s
32382,"Футболка""ABSTRACTION"" - XL",,"Размер: XL",05.01.2022,product_variation,https://bc-click.uz/product/futbolkaabstraction/?attribute_pa_size=xl
32383,"Футболка""ABSTRACTION"" - XXL",,"Размер: XXL",05.01.2022,product_variation,https://bc-click.uz/product/futbolkaabstraction/?attribute_pa_size=xxl
32399,"Свитшот""BORDERLESS""",,,06.01.2022,product_variation,https://bc-click.uz/product/svitshotborderless/
32420,"Свитшот ""Snowflake""","СОСТАВ:  92% хлопок, 8% лайкра.

ПАРАМЕТРЫ: Рост модели на фото: 172 см Размер изделия на модели: M.

УХОД: Машинная стирка при 30С', с максимальным отжимом до 800 оборотов. Ручная стирка при 30-40С', с замачиванием не более 15 минут, без трения на месте нанесения принта. Гладить при средней температуре, вывернув изделие наизнанку.","Свитшот с ярким принтом на Новогоднюю тематику создаст праздничный вид вашему образу. Выполнен из качественного трикотажа.",06.01.2022,product,https://bc-click.uz/?post_type=product&p=32420
32421,"Футболка""ROBOCLICK""","СОСТАВ: 100% хлопок высшего качества.

ПАРАМЕТРЫ: Рост модели на фото: 178 см Размер изделия на модели: L.

УХОД: Машинная стирка при 30С', с максимальным отжимом до 800 оборотов. Ручная стирка при 30-40С', с замачиванием не более 15 минут, без трения на месте нанесения принта. Гладить при средней температуре, вывернув изделие наизнанку.","Футболка в стиле oversize с фирменным принтом ""ROBOCLICK"".",06.01.2022,product,https://bc-click.uz/product/futbolkaroboclick/
32423,"Свитшот ""New Year Tree""","СОСТАВ: 92% хлопок, 8% лайкра.

ПАРАМЕТРЫ: Рост моделей на фото: 172 см Размер изделия на модели: M.

УХОД: Машинная стирка при 30С', с максимальным отжимом до 800 оборотов. Ручная стирка при 30-40С', с замачиванием не более 15 минут, без трения на месте нанесения принта. Гладить при средней температуре, вывернув изделие наизнанку.","Свитшот с ярким принтом на Новогоднюю тематику создаст праздничный вид вашему образу. Выполнен из качественного трикотажа.",06.01.2022,product,https://bc-click.uz/?post_type=product&p=32423
32424,"Свитшот ""INFINITY KIDS""","СОСТАВ: 92% хлопок, 8% лайкра.

УХОД: Машинная стирка при 30С', с максимальным отжимом до 800 оборотов. Ручная стирка при 30-40С', с замачиванием не более 15 минут, без трения на месте нанесения принта. Гладить при средней температуре, вывернув изделие наизнанку.","Яркий свитшот с принтом в виде знака бесконечности. Выполнен из качественного трикотажа.",06.01.2022,product,https://bc-click.uz/product/svitshot-infinity-kids/
32425,"Футболка белая ""CLICK"" HR",,,06.01.2022,product,https://bc-click.uz/?post_type=product&p=32425
32426,"Футболка(без принта, тёмно-синяя) HR",,,06.01.2022,product,https://bc-click.uz/?post_type=product&p=32426
32427,"Свитшот ""ROMB Woman""","СОСТАВ: 92% хлопок, 8% лайкра.

УХОД: Машинная стирка при 30С', с максимальным отжимом до 800 оборотов. Ручная стирка при 30-40С', с замачиванием не более 15 минут, без трения на месте нанесения принта. Гладить при средней температуре, вывернув изделие наизнанку.","Яркий свитшот с принтом в виде Ромба. Выполнен из качественного трикотажа.",06.01.2022,product,https://bc-click.uz/product/svitshot-romb-women/
32428,"Свитшот ""Snowflake"" - L",,"Размер: L",06.01.2022,product_variation,https://bc-click.uz/?post_type=product&p=32420&attribute_pa_size=l
32429,"Свитшот ""Snowflake"" - M",,"Размер: M",06.01.2022,product_variation,https://bc-click.uz/?post_type=product&p=32420&attribute_pa_size=m
32430,"Свитшот ""Snowflake"" - S",,"Размер: S",06.01.2022,product_variation,https://bc-click.uz/?post_type=product&p=32420&attribute_pa_size=s
32431,"Свитшот ""Snowflake"" - XL",,"Размер: XL",06.01.2022,product_variation,https://bc-click.uz/?post_type=product&p=32420&attribute_pa_size=xl
32432,"Свитшот ""Snowflake"" - XXL",,"Размер: XXL",06.01.2022,product_variation,https://bc-click.uz/?post_type=product&p=32420&attribute_pa_size=xxl
32433,"Футболка""ROBOCLICK"" - L",,"Размер: L",06.01.2022,product_variation,https://bc-click.uz/product/futbolkaroboclick/?attribute_pa_size=l
32434,"Футболка""ROBOCLICK"" - M",,"Размер: M",06.01.2022,product_variation,https://bc-click.uz/product/futbolkaroboclick/?attribute_pa_size=m
32435,"Футболка""ROBOCLICK"" - S",,"Размер: S",06.01.2022,product_variation,https://bc-click.uz/product/futbolkaroboclick/?attribute_pa_size=s
32436,"Футболка""ROBOCLICK"" - XL",,"Размер: XL",06.01.2022,product_variation,https://bc-click.uz/product/futbolkaroboclick/?attribute_pa_size=xl
32437,"Футболка""ROBOCLICK"" - XXL",,"Размер: XXL",06.01.2022,product_variation,https://bc-click.uz/product/futbolkaroboclick/?attribute_pa_size=xxl
32442,"Свитшот ""New Year Tree"" - L",,"Размер: L",06.01.2022,product_variation,https://bc-click.uz/?post_type=product&p=32423&attribute_pa_size=l
32443,"Свитшот ""New Year Tree"" - M",,"Размер: M",06.01.2022,product_variation,https://bc-click.uz/?post_type=product&p=32423&attribute_pa_size=m
32444,"Свитшот ""New Year Tree"" - S",,"Размер: S",06.01.2022,product_variation,https://bc-click.uz/?post_type=product&p=32423&attribute_pa_size=s
32445,"Свитшот ""New Year Tree"" - XL",,"Размер: XL",06.01.2022,product_variation,https://bc-click.uz/?post_type=product&p=32423&attribute_pa_size=xl
32446,"Свитшот ""New Year Tree"" - XXL",,"Размер: XXL",06.01.2022,product_variation,https://bc-click.uz/?post_type=product&p=32423&attribute_pa_size=xxl
32447,"Свитшот ""INFINITY KIDS"" - 4",,"Размер: 4",06.01.2022,product_variation,https://bc-click.uz/product/svitshot-infinity-kids/?attribute_pa_size=4
32448,"Свитшот ""INFINITY KIDS"" - 8",,"Размер: 8",06.01.2022,product_variation,https://bc-click.uz/product/svitshot-infinity-kids/?attribute_pa_size=8
32449,"Свитшот ""INFINITY KIDS"" - 9",,"Размер: 9",06.01.2022,product_variation,https://bc-click.uz/product/svitshot-infinity-kids/?attribute_pa_size=9
32450,"Футболка белая ""CLICK"" HR - L",,"Размер: L",06.01.2022,product_variation,https://bc-click.uz/?post_type=product&p=32425&attribute_pa_size=l
32451,"Футболка белая ""CLICK"" HR - M",,"Размер: M",06.01.2022,product_variation,https://bc-click.uz/?post_type=product&p=32425&attribute_pa_size=m
32452,"Футболка белая ""CLICK"" HR - S",,"Размер: S",06.01.2022,product_variation,https://bc-click.uz/?post_type=product&p=32425&attribute_pa_size=s
32453,"Футболка белая ""CLICK"" HR - XL",,"Размер: XL",06.01.2022,product_variation,https://bc-click.uz/?post_type=product&p=32425&attribute_pa_size=xl
32454,"Футболка белая ""CLICK"" HR - XXL",,"Размер: XXL",06.01.2022,product_variation,https://bc-click.uz/?post_type=product&p=32425&attribute_pa_size=xxl
32455,"Футболка(без принта, тёмно-синяя) HR - L",,"Размер: L",06.01.2022,product_variation,https://bc-click.uz/?post_type=product&p=32426&attribute_pa_size=l
32456,"Футболка(без принта, тёмно-синяя) HR - M",,"Размер: M",06.01.2022,product_variation,https://bc-click.uz/?post_type=product&p=32426&attribute_pa_size=m
32457,"Футболка(без принта, тёмно-синяя) HR - S",,"Размер: S",06.01.2022,product_variation,https://bc-click.uz/?post_type=product&p=32426&attribute_pa_size=s
32458,"Футболка(без принта, тёмно-синяя) HR - XL",,"Размер: XL",06.01.2022,product_variation,https://bc-click.uz/?post_type=product&p=32426&attribute_pa_size=xl
32459,"Футболка(без принта, тёмно-синяя) HR - XXL",,"Размер: XXL",06.01.2022,product_variation,https://bc-click.uz/?post_type=product&p=32426&attribute_pa_size=xxl
32460,"Свитшот ""ROMB Woman"" - L",,"Размер: L",06.01.2022,product_variation,https://bc-click.uz/product/svitshot-romb-women/?attribute_pa_size=l
32461,"Свитшот ""ROMB Woman"" - M",,"Размер: M",06.01.2022,product_variation,https://bc-click.uz/product/svitshot-romb-women/?attribute_pa_size=m
32462,"Свитшот ""ROMB Woman"" - S",,"Размер: S",06.01.2022,product_variation,https://bc-click.uz/product/svitshot-romb-women/?attribute_pa_size=s
32463,"Свитшот ""ROMB Woman"" - XL",,"Размер: XL",06.01.2022,product_variation,https://bc-click.uz/product/svitshot-romb-women/?attribute_pa_size=xl
32464,"Свитшот ""ROMB Woman"" - XXL",,"Размер: XXL",06.01.2022,product_variation,https://bc-click.uz/product/svitshot-romb-women/?attribute_pa_size=xxl
32547,"Костюм двойка ""Birdie""","ПАРАМЕТРЫ: Рост модели на фото: 173 см. Размер изделия на модели: S.

СОСТАВ: 92% Хлопок, 8% Лайкра.

УХОД: Машинная стирка при 30С', с максимальным отжимом до 800 оборотов. Ручная стирка при 30-40С', с замачиванием не более 15 минут, без трения на месте нанесения принта. Гладить при средней температуре, вывернув изделие наизнанку.","Костюм свободного кроя с модным принтом ""BIRDIE"".",07.01.2022,product,https://bc-click.uz/product/kostyum-dvojka-birdie/
32548,"Футболка с принтом ""РАХМАТ""",,,07.01.2022,product,https://bc-click.uz/?post_type=product&p=32548
32549,"Костюм двойка ""CLICKY FLOWER""","СОСТАВ: 92% Хлопок, 8% Лайкра.

УХОД: Машинная стирка при 30С', с максимальным отжимом до 800 оборотов. Ручная стирка при 30-40С', с замачиванием не более 15 минут, без трения на месте нанесения принта. Гладить при средней температуре, вывернув изделие наизнанку.","Костюм свободного кроя с модным принтом ""CLICKY FLOWER"".",07.01.2022,product,https://bc-click.uz/product/kostyum-dvojka-clicky-flower/
32550,"Рюкзак ""CANDY""","Благодаря своему стильному и в то же время лаконичному дизайну рюкзак идеально впишется в любой гардероб и сделает его уникальным. Подклад у рюкзака выполнен из текстиля. Плечевые ремни у рюкзака регулируются. Рюкзак среднего размера, выполненный из искусственной кожи, подойдёт для тех, кто предпочитает удобство и легкость.

Состав: Искусственная кожа.

Параметры: количество отделений : 1.  Вид застежки: молния. Вместимость: 6 литров. Карманы: 1 наружный, 4 внутренних.

Размеры: Наружный карман: 23*5*17, ширина лямки: 3 см, длинна регулируется.

УХОД: Только ручная стирка или профессиональная чистка.","Стильный яркий рюкзак объёмной формы, с выпуклым наружным карманом и удобными регулируемыми ремешками.",07.01.2022,product,https://bc-click.uz/product/ryukzak-candy/
32551,"Футболка с принтом ""ДАЙКЕШ""","СОСТАВ: 100% хлопок высшего качества.

ПАРАМЕТРЫ: Рост модели на фото: 173 см. Размер изделия на модели: S.

УХОД: Машинная стирка при 30С', с максимальным отжимом до 800 оборотов. Ручная стирка при 30-40С', с замачиванием не более 15 минут, без трения на месте нанесения принта. Гладить при средней температуре, вывернув изделие наизнанку.","Футболка в стиле oversize с фирменным принтом ""ДАЙКЕШ"".",07.01.2022,product,https://bc-click.uz/product/futbolka-s-printom-dajkesh/
32552,"Рюкзак ""CANDY"" ромб",,,07.01.2022,product,https://bc-click.uz/?post_type=product&p=32552
32553,"Рюкзак ""CLICK""","Стильный рюкзак объёмной формы с выпуклым карманом и яркими ромбами. Подходит как для мужчин так и для женщин,  рюкзак очень удобен в использовании, благодаря своей функциональности. У рюкзака спереди отдельный карман на молнии.  Подклад у рюкзака выполнен из текстиля. Плечевые ремни у рюкзака регулируются. Модная, молодежная, вместительная  сумка-рюкзак освобождает руки, с ней можно быстро и удобно передвигаться по городу. Идеальный аксессуар для тех кто любит активный образ жизни и больше всего ценит стиль и комфорт.

Состав: Искусственная кожа.

Параметры: количество отделений : 1.  Вид застежки: молния. Вместимость: 9 литров. Карманы: 1 наружный, 4 внутренних.

Размеры: Наружный карман: 23*5*14, ширина лямки: 4 см длинна регулируется.

УХОД: Только ручная или профессиональная очистка.","Стильный рюкзак объёмной формы с выпуклым карманом и яркими ромбами. Вместительный внутри и красивый снаружи.",07.01.2022,product,https://bc-click.uz/product/ryukzakclick/
32554,"Свитшот ""ROMB Girl""","СОСТАВ: 92% хлопок, 8% лайкра.

УХОД: Машинная стирка при 30С', с максимальным отжимом до 800 оборотов. Ручная стирка при 30-40С', с замачиванием не более 15 минут, без трения на месте нанесения принта. Гладить при средней температуре, вывернув изделие наизнанку.","Яркий свитшот с принтом в виде Ромба. Выполнен из качественного трикотажа.",07.01.2022,product,https://bc-click.uz/product/svitshot-romb-girl/
32555,"Футболка с принтом""NAQDBER""",,,07.01.2022,product,https://bc-click.uz/?post_type=product&p=32555
32557,"Футболка с принтом ""CLICKOВЕЦ""",,,07.01.2022,product,https://bc-click.uz/?post_type=product&p=32557
32560,Шоппер,"Стильная, практичная сумка-шоппер из  искусственной кожи станет вам отличным помощником на прогулке, шопинге , походе на фитнес. Сумочка закрывается на магнитную кнопку.  Так же внутри имеется кармашек для мелочей.

Состав: Искусственная кожа.

Параметры: количество отделений : 1.  Вид застежки: магнитная кнопка. Вместимость: 5 литров. Карманы: 1 внутренняя.

УХОД: Только ручная или профессиональная чистка.","Стильный шоппер с длинными ручками из качественного кожзама. Кнопка фиксирует края, что делает его более удобным и надежным. Внутренний карман позволяет умещать в нем мелкие и важные вещи. Удобный для любого использования.",07.01.2022,product,https://bc-click.uz/product/shopper/
32562,"Футболка с принтом ""РАХМАТ""","СОСТАВ: 100% хлопок высшего качества.

ПАРАМЕТРЫ: Рост модели на фото: 173 см. Размер изделия на модели: S.

УХОД: Машинная стирка при 30С', с максимальным отжимом до 800 оборотов. Ручная стирка при 30-40С', с замачиванием не более 15 минут, без трения на месте нанесения принта. Гладить при средней температуре, вывернув изделие наизнанку.","Футболка в стиле oversize с фирменным принтом ""РАХМАТ"".",07.01.2022,product,https://bc-click.uz/product/futbolka-s-printom-rahmat/
32563,"Футболка спринтом ""CLICKCHI""",,,07.01.2022,product,https://bc-click.uz/?post_type=product&p=32563
32564,"Мокнек ""Flowers""","СОСТАВ: 92% хлопок, 8% лайкра.

ПАРАМЕТРЫ: Рост модели на фото: 165 см. Размер изделия на модели: S.

УХОД: Машинная стирка при 30С',с максимальным отжимом до 800 оборотов. Ручная стирка при 30-40С', с замачиванием не более 15 минут, без трения на месте нанесения принта. Гладить при средней температуре, вывернув изделие наизнанку.","Мокнек из качественного трикотажа с абстракционным принтом в виде ромба с цветами.",07.01.2022,product,https://bc-click.uz/product/moknek-flowers/
32565,"Костюм двойка ""Birdie"" - L",,"Размер: L",07.01.2022,product_variation,https://bc-click.uz/product/kostyum-dvojka-birdie/?attribute_pa_size=l
32566,"Костюм двойка ""Birdie"" - M",,"Размер: M",07.01.2022,product_variation,https://bc-click.uz/product/kostyum-dvojka-birdie/?attribute_pa_size=m
32567,"Костюм двойка ""Birdie"" - S",,"Размер: S",07.01.2022,product_variation,https://bc-click.uz/product/kostyum-dvojka-birdie/?attribute_pa_size=s
32568,"Костюм двойка ""Birdie"" - XL",,"Размер: XL",07.01.2022,product_variation,https://bc-click.uz/product/kostyum-dvojka-birdie/?attribute_pa_size=xl
32569,"Костюм двойка ""Birdie"" - XXL",,"Размер: XXL",07.01.2022,product_variation,https://bc-click.uz/product/kostyum-dvojka-birdie/?attribute_pa_size=xxl
32570,"Футболка с принтом ""РАХМАТ"" - Белый, L",,"Цвет: Белый, Размер: L",07.01.2022,product_variation,https://bc-click.uz/?post_type=product&p=32548&attribute_pa_color=white&attribute_pa_size=l
32571,"Футболка с принтом ""РАХМАТ"" - Белый, M",,"Цвет: Белый, Размер: M",07.01.2022,product_variation,https://bc-click.uz/?post_type=product&p=32548&attribute_pa_color=white&attribute_pa_size=m
32572,"Футболка с принтом ""РАХМАТ"" - Белый, S",,"Цвет: Белый, Размер: S",07.01.2022,product_variation,https://bc-click.uz/?post_type=product&p=32548&attribute_pa_color=white&attribute_pa_size=s
32573,"Футболка с принтом ""РАХМАТ"" - Белый, XL",,"Цвет: Белый, Размер: XL",07.01.2022,product_variation,https://bc-click.uz/?post_type=product&p=32548&attribute_pa_color=white&attribute_pa_size=xl
32574,"Футболка с принтом ""РАХМАТ"" - Белый, XXL",,"Цвет: Белый, Размер: XXL",07.01.2022,product_variation,https://bc-click.uz/?post_type=product&p=32548&attribute_pa_color=white&attribute_pa_size=xxl
32575,"Футболка с принтом ""РАХМАТ"" - Тёмно-синий, L",,"Цвет: Тёмно-синий, Размер: L",07.01.2022,product_variation,https://bc-click.uz/?post_type=product&p=32548&attribute_pa_color=dark-blue&attribute_pa_size=l
32576,"Футболка с принтом ""РАХМАТ"" - Тёмно-синий, M",,"Цвет: Тёмно-синий, Размер: M",07.01.2022,product_variation,https://bc-click.uz/?post_type=product&p=32548&attribute_pa_color=dark-blue&attribute_pa_size=m
32577,"Футболка с принтом ""РАХМАТ"" - Тёмно-синий, S",,"Цвет: Тёмно-синий, Размер: S",07.01.2022,product_variation,https://bc-click.uz/?post_type=product&p=32548&attribute_pa_color=dark-blue&attribute_pa_size=s
32578,"Футболка с принтом ""РАХМАТ"" - Тёмно-синий, XL",,"Цвет: Тёмно-синий, Размер: XL",07.01.2022,product_variation,https://bc-click.uz/?post_type=product&p=32548&attribute_pa_color=dark-blue&attribute_pa_size=xl
32579,"Футболка с принтом ""РАХМАТ"" - Тёмно-синий, XXL",,"Цвет: Тёмно-синий, Размер: XXL",07.01.2022,product_variation,https://bc-click.uz/?post_type=product&p=32548&attribute_pa_color=dark-blue&attribute_pa_size=xxl
32580,"Костюм двойка ""CLICKY FLOWER"" - Голубой, L",,"Цвет: Голубой, Размер: L",07.01.2022,product_variation,https://bc-click.uz/product/kostyum-dvojka-clicky-flower/?attribute_pa_color=goluboj&attribute_pa_size=l
32581,"Костюм двойка ""CLICKY FLOWER"" - Голубой, M",,"Цвет: Голубой, Размер: M",07.01.2022,product_variation,https://bc-click.uz/product/kostyum-dvojka-clicky-flower/?attribute_pa_color=goluboj&attribute_pa_size=m
32582,"Костюм двойка ""CLICKY FLOWER"" - Голубой, S",,"Цвет: Голубой, Размер: S",07.01.2022,product_variation,https://bc-click.uz/product/kostyum-dvojka-clicky-flower/?attribute_pa_color=goluboj&attribute_pa_size=s
32583,"Костюм двойка ""CLICKY FLOWER"" - Голубой, XL",,"Цвет: Голубой, Размер: XL",07.01.2022,product_variation,https://bc-click.uz/product/kostyum-dvojka-clicky-flower/?attribute_pa_color=goluboj&attribute_pa_size=xl
32584,"Костюм двойка ""CLICKY FLOWER"" - Голубой, XXL",,"Цвет: Голубой, Размер: XXL",07.01.2022,product_variation,https://bc-click.uz/product/kostyum-dvojka-clicky-flower/?attribute_pa_color=goluboj&attribute_pa_size=xxl
32585,"Костюм двойка ""CLICKY FLOWER"" - Зелёный, L",,"Цвет: Зелёный, Размер: L",07.01.2022,product_variation,https://bc-click.uz/product/kostyum-dvojka-clicky-flower/?attribute_pa_color=green&attribute_pa_size=l
32586,"Костюм двойка ""CLICKY FLOWER"" - Зелёный, M",,"Цвет: Зелёный, Размер: M",07.01.2022,product_variation,https://bc-click.uz/product/kostyum-dvojka-clicky-flower/?attribute_pa_color=green&attribute_pa_size=m
32587,"Костюм двойка ""CLICKY FLOWER"" - Зелёный, S",,"Цвет: Зелёный, Размер: S",07.01.2022,product_variation,https://bc-click.uz/product/kostyum-dvojka-clicky-flower/?attribute_pa_color=green&attribute_pa_size=s
32588,"Костюм двойка ""CLICKY FLOWER"" - Зелёный, XL",,"Цвет: Зелёный, Размер: XL",07.01.2022,product_variation,https://bc-click.uz/product/kostyum-dvojka-clicky-flower/?attribute_pa_color=green&attribute_pa_size=xl
32589,"Костюм двойка ""CLICKY FLOWER"" - Зелёный, XXL",,"Цвет: Зелёный, Размер: XXL",07.01.2022,product_variation,https://bc-click.uz/product/kostyum-dvojka-clicky-flower/?attribute_pa_color=green&attribute_pa_size=xxl
32594,"Футболка с принтом ""ДАЙКЕШ"" - Белый, L",,"Цвет: Белый, Размер: L",07.01.2022,product_variation,https://bc-click.uz/product/futbolka-s-printom-dajkesh/?attribute_pa_color=white&attribute_pa_size=l
32595,"Футболка с принтом ""ДАЙКЕШ"" - Белый, M",,"Цвет: Белый, Размер: M",07.01.2022,product_variation,https://bc-click.uz/product/futbolka-s-printom-dajkesh/?attribute_pa_color=white&attribute_pa_size=m
32596,"Футболка с принтом ""ДАЙКЕШ"" - Белый, S",,"Цвет: Белый, Размер: S",07.01.2022,product_variation,https://bc-click.uz/product/futbolka-s-printom-dajkesh/?attribute_pa_color=white&attribute_pa_size=s
32597,"Футболка с принтом ""ДАЙКЕШ"" - Белый, XL",,"Цвет: Белый, Размер: XL",07.01.2022,product_variation,https://bc-click.uz/product/futbolka-s-printom-dajkesh/?attribute_pa_color=white&attribute_pa_size=xl
32598,"Футболка с принтом ""ДАЙКЕШ"" - Белый, XXL",,"Цвет: Белый, Размер: XXL",07.01.2022,product_variation,https://bc-click.uz/product/futbolka-s-printom-dajkesh/?attribute_pa_color=white&attribute_pa_size=xxl
32599,"Футболка с принтом ""ДАЙКЕШ"" - Тёмно-синий, L",,"Цвет: Тёмно-синий, Размер: L",07.01.2022,product_variation,https://bc-click.uz/product/futbolka-s-printom-dajkesh/?attribute_pa_color=dark-blue&attribute_pa_size=l
32600,"Футболка с принтом ""ДАЙКЕШ"" - Тёмно-синий, M",,"Цвет: Тёмно-синий, Размер: M",07.01.2022,product_variation,https://bc-click.uz/product/futbolka-s-printom-dajkesh/?attribute_pa_color=dark-blue&attribute_pa_size=m
32601,"Футболка с принтом ""ДАЙКЕШ"" - Тёмно-синий, S",,"Цвет: Тёмно-синий, Размер: S",07.01.2022,product_variation,https://bc-click.uz/product/futbolka-s-printom-dajkesh/?attribute_pa_color=dark-blue&attribute_pa_size=s
32602,"Футболка с принтом ""ДАЙКЕШ"" - Тёмно-синий, XL",,"Цвет: Тёмно-синий, Размер: XL",07.01.2022,product_variation,https://bc-click.uz/product/futbolka-s-printom-dajkesh/?attribute_pa_color=dark-blue&attribute_pa_size=xl
32603,"Футболка с принтом ""ДАЙКЕШ"" - Тёмно-синий, XXL",,"Цвет: Тёмно-синий, Размер: XXL",07.01.2022,product_variation,https://bc-click.uz/product/futbolka-s-printom-dajkesh/?attribute_pa_color=dark-blue&attribute_pa_size=xxl
32604,"Рюкзак ""CANDY"" ромб - Коричневый",,"Цвет: Коричневый",07.01.2022,product_variation,https://bc-click.uz/?post_type=product&p=32552&attribute_pa_color=korichnevyj
32605,"Рюкзак ""CANDY"" ромб - Красный",,"Цвет: Красный",07.01.2022,product_variation,https://bc-click.uz/?post_type=product&p=32552&attribute_pa_color=krasnyj
32606,"Рюкзак ""CANDY"" ромб - Розовый",,"Цвет: Розовый",07.01.2022,product_variation,https://bc-click.uz/?post_type=product&p=32552&attribute_pa_color=pink
32607,"Рюкзак ""CANDY"" ромб - Светло-розовый",,"Цвет: Светло-розовый",07.01.2022,product_variation,https://bc-click.uz/?post_type=product&p=32552&attribute_pa_color=svetlo-rozovyj
32608,"Рюкзак ""CLICK"" - Красный",,"Цвет: Красный",07.01.2022,product_variation,https://bc-click.uz/product/ryukzakclick/?attribute_pa_color=krasnyj
32609,"Рюкзак ""CLICK"" - Синий",,"Цвет: Синий",07.01.2022,product_variation,https://bc-click.uz/product/ryukzakclick/?attribute_pa_color=blue
32610,"Свитшот ""ROMB Girl"" - 4",,"Размер: 4",07.01.2022,product_variation,https://bc-click.uz/product/svitshot-romb-girl/?attribute_pa_size=4
32611,"Свитшот ""ROMB Girl"" - 8",,"Размер: 8",07.01.2022,product_variation,https://bc-click.uz/product/svitshot-romb-girl/?attribute_pa_size=8
32612,"Свитшот ""ROMB Girl"" - 9",,"Размер: 9",07.01.2022,product_variation,https://bc-click.uz/product/svitshot-romb-girl/?attribute_pa_size=9
32613,"Футболка с принтом""NAQDBER"" - Белый, L",,"Цвет: Белый, Размер: L",07.01.2022,product_variation,https://bc-click.uz/?post_type=product&p=32555&attribute_pa_color=white&attribute_pa_size=l
32614,"Футболка с принтом""NAQDBER"" - Белый, M",,"Цвет: Белый, Размер: M",07.01.2022,product_variation,https://bc-click.uz/?post_type=product&p=32555&attribute_pa_color=white&attribute_pa_size=m
32615,"Футболка с принтом""NAQDBER"" - Белый, S",,"Цвет: Белый, Размер: S",07.01.2022,product_variation,https://bc-click.uz/?post_type=product&p=32555&attribute_pa_color=white&attribute_pa_size=s
32616,"Футболка с принтом""NAQDBER"" - Белый, XL",,"Цвет: Белый, Размер: XL",07.01.2022,product_variation,https://bc-click.uz/?post_type=product&p=32555&attribute_pa_color=white&attribute_pa_size=xl
32617,"Футболка с принтом""NAQDBER"" - Белый, XXL",,"Цвет: Белый, Размер: XXL",07.01.2022,product_variation,https://bc-click.uz/?post_type=product&p=32555&attribute_pa_color=white&attribute_pa_size=xxl
32618,"Футболка с принтом""NAQDBER"" - Тёмно-синий, L",,"Цвет: Тёмно-синий, Размер: L",07.01.2022,product_variation,https://bc-click.uz/?post_type=product&p=32555&attribute_pa_color=dark-blue&attribute_pa_size=l
32619,"Футболка с принтом""NAQDBER"" - Тёмно-синий, M",,"Цвет: Тёмно-синий, Размер: M",07.01.2022,product_variation,https://bc-click.uz/?post_type=product&p=32555&attribute_pa_color=dark-blue&attribute_pa_size=m
32620,"Футболка с принтом""NAQDBER"" - Тёмно-синий, S",,"Цвет: Тёмно-синий, Размер: S",07.01.2022,product_variation,https://bc-click.uz/?post_type=product&p=32555&attribute_pa_color=dark-blue&attribute_pa_size=s
32621,"Футболка с принтом""NAQDBER"" - Тёмно-синий, XL",,"Цвет: Тёмно-синий, Размер: XL",07.01.2022,product_variation,https://bc-click.uz/?post_type=product&p=32555&attribute_pa_color=dark-blue&attribute_pa_size=xl
32622,"Футболка с принтом""NAQDBER"" - Тёмно-синий, XXL",,"Цвет: Тёмно-синий, Размер: XXL",07.01.2022,product_variation,https://bc-click.uz/?post_type=product&p=32555&attribute_pa_color=dark-blue&attribute_pa_size=xxl
32628,"Футболка с принтом ""CLICKOВЕЦ"" - Белый, L",,"Цвет: Белый, Размер: L",07.01.2022,product_variation,https://bc-click.uz/?post_type=product&p=32557&attribute_pa_color=white&attribute_pa_size=l
32629,"Футболка с принтом ""CLICKOВЕЦ"" - Белый, M",,"Цвет: Белый, Размер: M",07.01.2022,product_variation,https://bc-click.uz/?post_type=product&p=32557&attribute_pa_color=white&attribute_pa_size=m
32630,"Футболка с принтом ""CLICKOВЕЦ"" - Белый, S",,"Цвет: Белый, Размер: S",07.01.2022,product_variation,https://bc-click.uz/?post_type=product&p=32557&attribute_pa_color=white&attribute_pa_size=s
32631,"Футболка с принтом ""CLICKOВЕЦ"" - Белый, XL",,"Цвет: Белый, Размер: XL",07.01.2022,product_variation,https://bc-click.uz/?post_type=product&p=32557&attribute_pa_color=white&attribute_pa_size=xl
32632,"Футболка с принтом ""CLICKOВЕЦ"" - Белый, XXL",,"Цвет: Белый, Размер: XXL",07.01.2022,product_variation,https://bc-click.uz/?post_type=product&p=32557&attribute_pa_color=white&attribute_pa_size=xxl
32633,"Футболка с принтом ""CLICKOВЕЦ"" - Тёмно-синий, L",,"Цвет: Тёмно-синий, Размер: L",07.01.2022,product_variation,https://bc-click.uz/?post_type=product&p=32557&attribute_pa_color=dark-blue&attribute_pa_size=l
32634,"Футболка с принтом ""CLICKOВЕЦ"" - Тёмно-синий, M",,"Цвет: Тёмно-синий, Размер: M",07.01.2022,product_variation,https://bc-click.uz/?post_type=product&p=32557&attribute_pa_color=dark-blue&attribute_pa_size=m
32635,"Футболка с принтом ""CLICKOВЕЦ"" - Тёмно-синий, S",,"Цвет: Тёмно-синий, Размер: S",07.01.2022,product_variation,https://bc-click.uz/?post_type=product&p=32557&attribute_pa_color=dark-blue&attribute_pa_size=s
32636,"Футболка с принтом ""CLICKOВЕЦ"" - Тёмно-синий, XL",,"Цвет: Тёмно-синий, Размер: XL",07.01.2022,product_variation,https://bc-click.uz/?post_type=product&p=32557&attribute_pa_color=dark-blue&attribute_pa_size=xl
32637,"Футболка с принтом ""CLICKOВЕЦ"" - Тёмно-синий, XXL",,"Цвет: Тёмно-синий, Размер: XXL",07.01.2022,product_variation,https://bc-click.uz/?post_type=product&p=32557&attribute_pa_color=dark-blue&attribute_pa_size=xxl
32648,"Шоппер - Айвори",,"Цвет: Айвори",07.01.2022,product_variation,https://bc-click.uz/product/shopper/?attribute_pa_color=ajvori
32649,"Шоппер - Коричневый",,"Цвет: Коричневый",07.01.2022,product_variation,https://bc-click.uz/product/shopper/?attribute_pa_color=korichnevyj
32650,"Шоппер - Оранжевый",,"Цвет: Оранжевый",07.01.2022,product_variation,https://bc-click.uz/product/shopper/?attribute_pa_color=orange
32651,"Шоппер - Серый",,"Цвет: Серый",07.01.2022,product_variation,https://bc-click.uz/product/shopper/?attribute_pa_color=grey
32657,"Футболка с принтом ""РАХМАТ"" - Белый, L",,"Цвет: Белый, Размер: L",07.01.2022,product_variation,https://bc-click.uz/product/futbolka-s-printom-rahmat/?attribute_pa_color=white&attribute_pa_size=l
32658,"Футболка с принтом ""РАХМАТ"" - Белый, M",,"Цвет: Белый, Размер: M",07.01.2022,product_variation,https://bc-click.uz/product/futbolka-s-printom-rahmat/?attribute_pa_color=white&attribute_pa_size=m
32659,"Футболка с принтом ""РАХМАТ"" - Белый, S",,"Цвет: Белый, Размер: S",07.01.2022,product_variation,https://bc-click.uz/product/futbolka-s-printom-rahmat/?attribute_pa_color=white&attribute_pa_size=s
32660,"Футболка с принтом ""РАХМАТ"" - Белый, XL",,"Цвет: Белый, Размер: XL",07.01.2022,product_variation,https://bc-click.uz/product/futbolka-s-printom-rahmat/?attribute_pa_color=white&attribute_pa_size=xl
32661,"Футболка с принтом ""РАХМАТ"" - Белый, XXL",,"Цвет: Белый, Размер: XXL",07.01.2022,product_variation,https://bc-click.uz/product/futbolka-s-printom-rahmat/?attribute_pa_color=white&attribute_pa_size=xxl
32662,"Футболка с принтом ""РАХМАТ"" - Тёмно-синий, L",,"Цвет: Тёмно-синий, Размер: L",07.01.2022,product_variation,https://bc-click.uz/product/futbolka-s-printom-rahmat/?attribute_pa_color=dark-blue&attribute_pa_size=l
32663,"Футболка с принтом ""РАХМАТ"" - Тёмно-синий, M",,"Цвет: Тёмно-синий, Размер: M",07.01.2022,product_variation,https://bc-click.uz/product/futbolka-s-printom-rahmat/?attribute_pa_color=dark-blue&attribute_pa_size=m
32664,"Футболка с принтом ""РАХМАТ"" - Тёмно-синий, S",,"Цвет: Тёмно-синий, Размер: S",07.01.2022,product_variation,https://bc-click.uz/product/futbolka-s-printom-rahmat/?attribute_pa_color=dark-blue&attribute_pa_size=s
32665,"Футболка с принтом ""РАХМАТ"" - Тёмно-синий, XL",,"Цвет: Тёмно-синий, Размер: XL",07.01.2022,product_variation,https://bc-click.uz/product/futbolka-s-printom-rahmat/?attribute_pa_color=dark-blue&attribute_pa_size=xl
32666,"Футболка с принтом ""РАХМАТ"" - Тёмно-синий, XXL",,"Цвет: Тёмно-синий, Размер: XXL",07.01.2022,product_variation,https://bc-click.uz/product/futbolka-s-printom-rahmat/?attribute_pa_color=dark-blue&attribute_pa_size=xxl
32667,"Футболка спринтом ""CLICKCHI"" - Белый, L",,"Цвет: Белый, Размер: L",07.01.2022,product_variation,https://bc-click.uz/?post_type=product&p=32563&attribute_pa_color=white&attribute_pa_size=l
32668,"Футболка спринтом ""CLICKCHI"" - Белый, M",,"Цвет: Белый, Размер: M",07.01.2022,product_variation,https://bc-click.uz/?post_type=product&p=32563&attribute_pa_color=white&attribute_pa_size=m
32669,"Футболка спринтом ""CLICKCHI"" - Белый, S",,"Цвет: Белый, Размер: S",07.01.2022,product_variation,https://bc-click.uz/?post_type=product&p=32563&attribute_pa_color=white&attribute_pa_size=s
32670,"Футболка спринтом ""CLICKCHI"" - Белый, XL",,"Цвет: Белый, Размер: XL",07.01.2022,product_variation,https://bc-click.uz/?post_type=product&p=32563&attribute_pa_color=white&attribute_pa_size=xl
32671,"Футболка спринтом ""CLICKCHI"" - Белый, XXL",,"Цвет: Белый, Размер: XXL",07.01.2022,product_variation,https://bc-click.uz/?post_type=product&p=32563&attribute_pa_color=white&attribute_pa_size=xxl
32672,"Футболка спринтом ""CLICKCHI"" - Тёмно-синий, L",,"Цвет: Тёмно-синий, Размер: L",07.01.2022,product_variation,https://bc-click.uz/?post_type=product&p=32563&attribute_pa_color=dark-blue&attribute_pa_size=l
32673,"Футболка спринтом ""CLICKCHI"" - Тёмно-синий, M",,"Цвет: Тёмно-синий, Размер: M",07.01.2022,product_variation,https://bc-click.uz/?post_type=product&p=32563&attribute_pa_color=dark-blue&attribute_pa_size=m
32674,"Футболка спринтом ""CLICKCHI"" - Тёмно-синий, S",,"Цвет: Тёмно-синий, Размер: S",07.01.2022,product_variation,https://bc-click.uz/?post_type=product&p=32563&attribute_pa_color=dark-blue&attribute_pa_size=s
32675,"Футболка спринтом ""CLICKCHI"" - Тёмно-синий, XL",,"Цвет: Тёмно-синий, Размер: XL",07.01.2022,product_variation,https://bc-click.uz/?post_type=product&p=32563&attribute_pa_color=dark-blue&attribute_pa_size=xl
32676,"Футболка спринтом ""CLICKCHI"" - Тёмно-синий, XXL",,"Цвет: Тёмно-синий, Размер: XXL",07.01.2022,product_variation,https://bc-click.uz/?post_type=product&p=32563&attribute_pa_color=dark-blue&attribute_pa_size=xxl
32677,"Мокнек ""Flowers"" - L",,"Размер: L",07.01.2022,product_variation,https://bc-click.uz/product/moknek-flowers/?attribute_pa_size=l
32678,"Мокнек ""Flowers"" - M",,"Размер: M",07.01.2022,product_variation,https://bc-click.uz/product/moknek-flowers/?attribute_pa_size=m
32679,"Мокнек ""Flowers"" - S",,"Размер: S",07.01.2022,product_variation,https://bc-click.uz/product/moknek-flowers/?attribute_pa_size=s
32680,"Мокнек ""Flowers"" - XL",,"Размер: XL",07.01.2022,product_variation,https://bc-click.uz/product/moknek-flowers/?attribute_pa_size=xl
32681,"Мокнек ""Flowers"" - XXL",,"Размер: XXL",07.01.2022,product_variation,https://bc-click.uz/product/moknek-flowers/?attribute_pa_size=xxl
32729,"Шапка ""CLICK""","УХОД: Машинная стирка при 30С', с максимальным отжимом до 800 оборотов. Ручная стирка при 30-40С', с замачиванием не более 15 минут, без трения на месте нанесения принта. Гладить при средней температуре, вывернув изделие наизнанку.","Шапка из качественного плотного трикотажа с вышивкой логотипа.",10.01.2022,product,https://bc-click.uz/product/shapka-click/
32773,"Костюм двойка""ICONS"" - Серый, S",,"Цвет: Серый, Размер: S",11.01.2022,product_variation,https://bc-click.uz/product/kostyum-dvoyka-icons/?attribute_pa_color=grey&attribute_pa_size=s
32774,"Костюм двойка""ICONS"" - Серый, M",,"Цвет: Серый, Размер: M",11.01.2022,product_variation,https://bc-click.uz/product/kostyum-dvoyka-icons/?attribute_pa_color=grey&attribute_pa_size=m
32775,"Костюм двойка""ICONS"" - Серый, L",,"Цвет: Серый, Размер: L",11.01.2022,product_variation,https://bc-click.uz/product/kostyum-dvoyka-icons/?attribute_pa_color=grey&attribute_pa_size=l
32776,"Костюм двойка""ICONS"" - Серый, XL",,"Цвет: Серый, Размер: XL",11.01.2022,product_variation,https://bc-click.uz/product/kostyum-dvoyka-icons/?attribute_pa_color=grey&attribute_pa_size=xl
32777,"Костюм двойка""ICONS"" - Серый, XXL",,"Цвет: Серый, Размер: XXL",11.01.2022,product_variation,https://bc-click.uz/product/kostyum-dvoyka-icons/?attribute_pa_color=grey&attribute_pa_size=xxl
32798,"Шапка ""CLICK"" - Горчичный",,"Цвет: Горчичный",11.01.2022,product_variation,https://bc-click.uz/product/shapka-click/?attribute_pa_color=gorchichnyj
32799,"Шапка ""CLICK"" - Красный",,"Цвет: Красный",11.01.2022,product_variation,https://bc-click.uz/product/shapka-click/?attribute_pa_color=krasnyj
32800,"Шапка ""CLICK"" - Серый",,"Цвет: Серый",11.01.2022,product_variation,https://bc-click.uz/product/shapka-click/?attribute_pa_color=grey
32801,"Шапка ""CLICK"" - Синий",,"Цвет: Синий",11.01.2022,product_variation,https://bc-click.uz/product/shapka-click/?attribute_pa_color=blue
32822,"Футболка с принтом ""РАХМАТ"" - Белый, L",,"Цвет: Белый, Размер: L",11.01.2022,product_variation,https://bc-click.uz/product/futbolka-s-printom-rahmat/?attribute_pa_color=white&attribute_pa_size=l
32823,"Футболка с принтом ""РАХМАТ"" - Белый, M",,"Цвет: Белый, Размер: M",11.01.2022,product_variation,https://bc-click.uz/product/futbolka-s-printom-rahmat/?attribute_pa_color=white&attribute_pa_size=m
32824,"Футболка с принтом ""РАХМАТ"" - Белый, S",,"Цвет: Белый, Размер: S",11.01.2022,product_variation,https://bc-click.uz/product/futbolka-s-printom-rahmat/?attribute_pa_color=white&attribute_pa_size=s
32825,"Футболка с принтом ""РАХМАТ"" - Белый, XL",,"Цвет: Белый, Размер: XL",11.01.2022,product_variation,https://bc-click.uz/product/futbolka-s-printom-rahmat/?attribute_pa_color=white&attribute_pa_size=xl
32826,"Футболка с принтом ""РАХМАТ"" - Белый, XXL",,"Цвет: Белый, Размер: XXL",11.01.2022,product_variation,https://bc-click.uz/product/futbolka-s-printom-rahmat/?attribute_pa_color=white&attribute_pa_size=xxl
32828,"Рюкзак ""CANDY"" - Коричневый",,"Цвет: Коричневый",12.01.2022,product_variation,https://bc-click.uz/product/ryukzak-candy/?attribute_pa_color=korichnevyj
32829,"Рюкзак ""CANDY"" - Красный",,"Цвет: Красный",12.01.2022,product_variation,https://bc-click.uz/product/ryukzak-candy/?attribute_pa_color=krasnyj
32830,"Рюкзак ""CANDY"" - Розовый",,"Цвет: Розовый",12.01.2022,product_variation,https://bc-click.uz/product/ryukzak-candy/?attribute_pa_color=pink
32831,"Рюкзак ""CANDY"" - Светло-розовый",,"Цвет: Светло-розовый",12.01.2022,product_variation,https://bc-click.uz/product/ryukzak-candy/?attribute_pa_color=svetlo-rozovyj
32873,"Футболка с принтом ""РАХМАТ"" - Белый, L",,"Цвет: Белый, Размер: L",19.01.2022,product_variation,https://bc-click.uz/product/futbolka-s-printom-rahmat/?attribute_pa_color=white&attribute_pa_size=l
32874,"Футболка с принтом ""РАХМАТ"" - Белый, M",,"Цвет: Белый, Размер: M",19.01.2022,product_variation,https://bc-click.uz/product/futbolka-s-printom-rahmat/?attribute_pa_color=white&attribute_pa_size=m
32875,"Футболка с принтом ""РАХМАТ"" - Белый, S",,"Цвет: Белый, Размер: S",19.01.2022,product_variation,https://bc-click.uz/product/futbolka-s-printom-rahmat/?attribute_pa_color=white&attribute_pa_size=s
32876,"Футболка с принтом ""РАХМАТ"" - Белый, XL",,"Цвет: Белый, Размер: XL",19.01.2022,product_variation,https://bc-click.uz/product/futbolka-s-printom-rahmat/?attribute_pa_color=white&attribute_pa_size=xl
32877,"Футболка с принтом ""РАХМАТ"" - Белый, XXL",,"Цвет: Белый, Размер: XXL",19.01.2022,product_variation,https://bc-click.uz/product/futbolka-s-printom-rahmat/?attribute_pa_color=white&attribute_pa_size=xxl
32887,"Свитшот ""ROMB BOY""","СОСТАВ: 92% хлопок, 8% лайкра.

УХОД: Машинная стирка при 30С', с максимальным отжимом до 800 оборотов. Ручная стирка при 30-40С', с замачиванием не более 15 минут, без трения на месте нанесения принта. Гладить при средней температуре, вывернув изделие наизнанку.","Яркий свитшот с принтом в виде Ромба. Выполнен из качественного трикотажа.",21.01.2022,product,https://bc-click.uz/product/svitshot-romb-boy/
32888,"Свитшот ""PANDA""","СОСТАВ: 92% хлопок, 8% лайкра.

ПАРАМЕТРЫ: Размер изделия на модели: S. Рост модели: 173 см.

УХОД: Машинная стирка при 30С', с максимальным отжимом до 800 оборотов. Ручная стирка при 30-40С', с замачиванием не более 15 минут, без трения на месте нанесения принта. Гладить при средней температуре, вывернув изделие наизнанку.","Яркий свитшот с принтом в виде Панды в очках. Выполнен из качественного трикотажа.",21.01.2022,product,https://bc-click.uz/product/svitshot-panda/
32889,"Smart Trunk","Carwon Smart Trunk устройством можно легко и быстро открыть багажник автомобиля движением ноги.","Carwon Smart Trunk позволяет открывать багажник с помощью шагов, как в последних моделях автомобилей. Технические характеристики: вес-162гр, с функцией * keylessGO. Защита от воды и пыли. Установка производится в сервисных центрах.",21.01.2022,product,https://bc-click.uz/product/smart-trunk/
32890,"Свитшот ""WHITE HEART""",,,21.01.2022,product,https://bc-click.uz/?post_type=product&p=32890
32891,"Футболка ""FLOWERS""",,,21.01.2022,product,https://bc-click.uz/?post_type=product&p=32891
32892,"Костюм двойка ""Casual Bling"" с манжетом (тёмн. принт)",,,21.01.2022,product,https://bc-click.uz/?post_type=product&p=32892
32893,"Свитшот ""PANDA Kids""",,,21.01.2022,product,https://bc-click.uz/?post_type=product&p=32893
32894,"Футболка с принтом ""РАХМАТ""(тёмно-синий)",,,21.01.2022,product,https://bc-click.uz/?post_type=product&p=32894
32895,"Худи ""CLICKY Women""","СОСТАВ: 92% хлопок, 8% лайкра.

ПАРАМЕТРЫ: Размер изделия на модели: S. Рост модели: 173 см.

УХОД: Машинная стирка при 30С', с максимальным отжимом до 800 оборотов. Ручная стирка при 30-40С', с замачиванием не более 15 минут, без трения на месте нанесения принта. Гладить при средней температуре, вывернув изделие наизнанку.","Стильный Худи с объемным капюшоном, окантованным жаккардовой лентой.",21.01.2022,product,https://bc-click.uz/product/hudi-ribbon/
32896,"Свитшот ""RED HEART""",,,21.01.2022,product,https://bc-click.uz/?post_type=product&p=32896
32897,"Костюм двойка ""Casual Bling"" с манжетом (свет. принт)",,,21.01.2022,product,https://bc-click.uz/?post_type=product&p=32897
32898,"Свитшот ""ROMB MAN""","СОСТАВ: 100% хлопок высшего качества.

УХОД: Машинная стирка при 30С', с максимальным отжимом до 800 оборотов. Ручная стирка при 30-40С', с замачиванием не более 15 минут, без трения на месте нанесения принта. Гладить при средней температуре, вывернув изделие наизнанку.","Свитшот из качественного трикотажа с фирменным принтом.",21.01.2022,product,https://bc-click.uz/product/svitshot-romb-man/
32899,"Костюм двойка ""Casual Bling"" без манжета ( свет. принт)",,,21.01.2022,product,https://bc-click.uz/?post_type=product&p=32899
32900,"Костюм двойка ""Casual Bling"" без манжета ( тёмн. принт)",,,21.01.2022,product,https://bc-click.uz/?post_type=product&p=32900
32901,"Свитшот ""ROMB BOY"" - 4",,"Размер: 4",21.01.2022,product_variation,https://bc-click.uz/product/svitshot-romb-boy/?attribute_pa_size=4
32902,"Свитшот ""ROMB BOY"" - 6",,"Размер: 6",21.01.2022,product_variation,https://bc-click.uz/product/svitshot-romb-boy/?attribute_pa_size=6
32903,"Свитшот ""ROMB BOY"" - 7",,"Размер: 7",21.01.2022,product_variation,https://bc-click.uz/product/svitshot-romb-boy/?attribute_pa_size=7
32904,"Свитшот ""PANDA"" - L",,"Размер: L",21.01.2022,product_variation,https://bc-click.uz/product/svitshot-panda/?attribute_pa_size=l
32905,"Свитшот ""PANDA"" - M",,"Размер: M",21.01.2022,product_variation,https://bc-click.uz/product/svitshot-panda/?attribute_pa_size=m
32906,"Свитшот ""PANDA"" - S",,"Размер: S",21.01.2022,product_variation,https://bc-click.uz/product/svitshot-panda/?attribute_pa_size=s
32907,"Свитшот ""PANDA"" - XL",,"Размер: XL",21.01.2022,product_variation,https://bc-click.uz/product/svitshot-panda/?attribute_pa_size=xl
32908,"Свитшот ""PANDA"" - XXL",,"Размер: XXL",21.01.2022,product_variation,https://bc-click.uz/product/svitshot-panda/?attribute_pa_size=xxl
32914,"Футболка ""FLOWERS"" - L",,"Размер: L",21.01.2022,product_variation,https://bc-click.uz/?post_type=product&p=32891&attribute_pa_size=l
32915,"Футболка ""FLOWERS"" - M",,"Размер: M",21.01.2022,product_variation,https://bc-click.uz/?post_type=product&p=32891&attribute_pa_size=m
32916,"Футболка ""FLOWERS"" - S",,"Размер: S",21.01.2022,product_variation,https://bc-click.uz/?post_type=product&p=32891&attribute_pa_size=s
32917,"Футболка ""FLOWERS"" - XL",,"Размер: XL",21.01.2022,product_variation,https://bc-click.uz/?post_type=product&p=32891&attribute_pa_size=xl
32918,"Футболка ""FLOWERS"" - XXL",,"Размер: XXL",21.01.2022,product_variation,https://bc-click.uz/?post_type=product&p=32891&attribute_pa_size=xxl
32919,"Костюм двойка ""Casual Bling"" с манжетом (тёмн. принт) - L",,"Размер: L",21.01.2022,product_variation,https://bc-click.uz/?post_type=product&p=32892&attribute_pa_size=l
32920,"Костюм двойка ""Casual Bling"" с манжетом (тёмн. принт) - M",,"Размер: M",21.01.2022,product_variation,https://bc-click.uz/?post_type=product&p=32892&attribute_pa_size=m
32921,"Костюм двойка ""Casual Bling"" с манжетом (тёмн. принт) - S",,"Размер: S",21.01.2022,product_variation,https://bc-click.uz/?post_type=product&p=32892&attribute_pa_size=s
32922,"Костюм двойка ""Casual Bling"" с манжетом (тёмн. принт) - XL",,"Размер: XL",21.01.2022,product_variation,https://bc-click.uz/?post_type=product&p=32892&attribute_pa_size=xl
32923,"Костюм двойка ""Casual Bling"" с манжетом (тёмн. принт) - XXL",,"Размер: XXL",21.01.2022,product_variation,https://bc-click.uz/?post_type=product&p=32892&attribute_pa_size=xxl
32924,"Свитшот ""PANDA Kids"" - 4",,"Размер: 4",21.01.2022,product_variation,https://bc-click.uz/?post_type=product&p=32893&attribute_pa_size=4
32925,"Свитшот ""PANDA Kids"" - 6",,"Размер: 6",21.01.2022,product_variation,https://bc-click.uz/?post_type=product&p=32893&attribute_pa_size=6
32926,"Свитшот ""PANDA Kids"" - 7",,"Размер: 7",21.01.2022,product_variation,https://bc-click.uz/?post_type=product&p=32893&attribute_pa_size=7
32927,"Свитшот ""PANDA Kids"" - 8",,"Размер: 8",21.01.2022,product_variation,https://bc-click.uz/?post_type=product&p=32893&attribute_pa_size=8
32928,"Свитшот ""PANDA Kids"" - 9",,"Размер: 9",21.01.2022,product_variation,https://bc-click.uz/?post_type=product&p=32893&attribute_pa_size=9
32929,"Футболка с принтом ""РАХМАТ""(тёмно-синий) - L",,"Размер: L",21.01.2022,product_variation,https://bc-click.uz/?post_type=product&p=32894&attribute_pa_size=l
32930,"Футболка с принтом ""РАХМАТ""(тёмно-синий) - M",,"Размер: M",21.01.2022,product_variation,https://bc-click.uz/?post_type=product&p=32894&attribute_pa_size=m
32931,"Футболка с принтом ""РАХМАТ""(тёмно-синий) - S",,"Размер: S",21.01.2022,product_variation,https://bc-click.uz/?post_type=product&p=32894&attribute_pa_size=s
32932,"Футболка с принтом ""РАХМАТ""(тёмно-синий) - XL",,"Размер: XL",21.01.2022,product_variation,https://bc-click.uz/?post_type=product&p=32894&attribute_pa_size=xl
32933,"Футболка с принтом ""РАХМАТ""(тёмно-синий) - XXL",,"Размер: XXL",21.01.2022,product_variation,https://bc-click.uz/?post_type=product&p=32894&attribute_pa_size=xxl
32934,"Худи ""CLICKY Women"" - L",,"Размер: L",21.01.2022,product_variation,https://bc-click.uz/product/hudi-ribbon/?attribute_pa_size=l
32935,"Худи ""CLICKY Women"" - M",,"Размер: M",21.01.2022,product_variation,https://bc-click.uz/product/hudi-ribbon/?attribute_pa_size=m
32936,"Худи ""CLICKY Women"" - S",,"Размер: S",21.01.2022,product_variation,https://bc-click.uz/product/hudi-ribbon/?attribute_pa_size=s
32937,"Худи ""CLICKY Women"" - XL",,"Размер: XL",21.01.2022,product_variation,https://bc-click.uz/product/hudi-ribbon/?attribute_pa_size=xl
32938,"Худи ""CLICKY Women"" - XXL",,"Размер: XXL",21.01.2022,product_variation,https://bc-click.uz/product/hudi-ribbon/?attribute_pa_size=xxl
32944,"Костюм двойка ""Casual Bling"" с манжетом (свет. принт) - L",,"Размер: L",21.01.2022,product_variation,https://bc-click.uz/?post_type=product&p=32897&attribute_pa_size=l
32945,"Костюм двойка ""Casual Bling"" с манжетом (свет. принт) - M",,"Размер: M",21.01.2022,product_variation,https://bc-click.uz/?post_type=product&p=32897&attribute_pa_size=m
32946,"Костюм двойка ""Casual Bling"" с манжетом (свет. принт) - S",,"Размер: S",21.01.2022,product_variation,https://bc-click.uz/?post_type=product&p=32897&attribute_pa_size=s
32947,"Костюм двойка ""Casual Bling"" с манжетом (свет. принт) - XL",,"Размер: XL",21.01.2022,product_variation,https://bc-click.uz/?post_type=product&p=32897&attribute_pa_size=xl
32948,"Костюм двойка ""Casual Bling"" с манжетом (свет. принт) - XXL",,"Размер: XXL",21.01.2022,product_variation,https://bc-click.uz/?post_type=product&p=32897&attribute_pa_size=xxl
32949,"Свитшот ""ROMB MAN"" - L",,"Размер: L",21.01.2022,product_variation,https://bc-click.uz/product/svitshot-romb-man/?attribute_pa_size=l
32950,"Свитшот ""ROMB MAN"" - M",,"Размер: M",21.01.2022,product_variation,https://bc-click.uz/product/svitshot-romb-man/?attribute_pa_size=m
32951,"Свитшот ""ROMB MAN"" - S",,"Размер: S",21.01.2022,product_variation,https://bc-click.uz/product/svitshot-romb-man/?attribute_pa_size=s
32952,"Свитшот ""ROMB MAN"" - XL",,"Размер: XL",21.01.2022,product_variation,https://bc-click.uz/product/svitshot-romb-man/?attribute_pa_size=xl
32953,"Свитшот ""ROMB MAN"" - XXL",,"Размер: XXL",21.01.2022,product_variation,https://bc-click.uz/product/svitshot-romb-man/?attribute_pa_size=xxl
32954,"Костюм двойка ""Casual Bling"" без манжета ( свет. принт) - L",,"Размер: L",21.01.2022,product_variation,https://bc-click.uz/?post_type=product&p=32899&attribute_pa_size=l
32955,"Костюм двойка ""Casual Bling"" без манжета ( свет. принт) - M",,"Размер: M",21.01.2022,product_variation,https://bc-click.uz/?post_type=product&p=32899&attribute_pa_size=m
32956,"Костюм двойка ""Casual Bling"" без манжета ( свет. принт) - S",,"Размер: S",21.01.2022,product_variation,https://bc-click.uz/?post_type=product&p=32899&attribute_pa_size=s
32957,"Костюм двойка ""Casual Bling"" без манжета ( свет. принт) - XL",,"Размер: XL",21.01.2022,product_variation,https://bc-click.uz/?post_type=product&p=32899&attribute_pa_size=xl
32958,"Костюм двойка ""Casual Bling"" без манжета ( свет. принт) - XXL",,"Размер: XXL",21.01.2022,product_variation,https://bc-click.uz/?post_type=product&p=32899&attribute_pa_size=xxl
32959,"Костюм двойка ""Casual Bling"" без манжета ( тёмн. принт) - L",,"Размер: L",21.01.2022,product_variation,https://bc-click.uz/?post_type=product&p=32900&attribute_pa_size=l
32960,"Костюм двойка ""Casual Bling"" без манжета ( тёмн. принт) - M",,"Размер: M",21.01.2022,product_variation,https://bc-click.uz/?post_type=product&p=32900&attribute_pa_size=m
32961,"Костюм двойка ""Casual Bling"" без манжета ( тёмн. принт) - S",,"Размер: S",21.01.2022,product_variation,https://bc-click.uz/?post_type=product&p=32900&attribute_pa_size=s
32962,"Костюм двойка ""Casual Bling"" без манжета ( тёмн. принт) - XL",,"Размер: XL",21.01.2022,product_variation,https://bc-click.uz/?post_type=product&p=32900&attribute_pa_size=xl
32963,"Костюм двойка ""Casual Bling"" без манжета ( тёмн. принт) - XXL",,"Размер: XXL",21.01.2022,product_variation,https://bc-click.uz/?post_type=product&p=32900&attribute_pa_size=xxl
33007,"Футболка oversize с принтом ""Микросхема""","СОСТАВ: 100% хлопок высшего качества.

ПАРАМЕТРЫ: Рост модели на фото: 173 см. Размер изделия на модели: S.

УХОД: Машинная стирка при 30С', с максимальным отжимом до 800 оборотов. Ручная стирка при 30-40С', с замачиванием не более 15 минут, без трения на месте нанесения принта. Гладить при средней температуре, вывернув изделие наизнанку.","Футболка в стиле oversize с фирменным принтом ""МИКРОСХЕМА"".",31.01.2022,product,https://bc-click.uz/product/futbolka-chip/
33009,"Футболка oversize с принтом ""Микросхема"" - L",,"Размер: L",31.01.2022,product_variation,https://bc-click.uz/product/futbolka-chip/?attribute_pa_size=l
33010,"Футболка oversize с принтом ""Микросхема"" - M",,"Размер: M",31.01.2022,product_variation,https://bc-click.uz/product/futbolka-chip/?attribute_pa_size=m
33011,"Футболка oversize с принтом ""Микросхема"" - S",,"Размер: S",31.01.2022,product_variation,https://bc-click.uz/product/futbolka-chip/?attribute_pa_size=s
33012,"Футболка oversize с принтом ""Микросхема"" - XL",,"Размер: XL",31.01.2022,product_variation,https://bc-click.uz/product/futbolka-chip/?attribute_pa_size=xl
33013,"Футболка oversize с принтом ""Микросхема"" - XXL",,"Размер: XXL",31.01.2022,product_variation,https://bc-click.uz/product/futbolka-chip/?attribute_pa_size=xxl
33052,"Свитшот ""HEART""","СОСТАВ: 92% хлопок, 8% лайкра.

ПАРАМЕТРЫ: Размер изделия на модели: S. Рост модели: 173 см.

УХОД: Машинная стирка при 30С', с максимальным отжимом до 800 оборотов. Ручная стирка при 30-40С', с замачиванием не более 15 минут, без трения на месте нанесения принта. Гладить при средней температуре, вывернув изделие наизнанку.","Яркий свитшот с принтом в виде Сердца из ромбиков. Выполнен из качественного трикотажа.",04.02.2022,product,https://bc-click.uz/product/svitshot-heart/
33053,"Свитшот ""HEART"" - Белый, L",,"Цвет: Белый, Размер: L",04.02.2022,product_variation,https://bc-click.uz/product/svitshot-heart/?attribute_pa_color=white&attribute_pa_size=l
33054,"Свитшот ""HEART"" - Белый, M",,"Цвет: Белый, Размер: M",04.02.2022,product_variation,https://bc-click.uz/product/svitshot-heart/?attribute_pa_color=white&attribute_pa_size=m
33055,"Свитшот ""HEART"" - Белый, S",,"Цвет: Белый, Размер: S",04.02.2022,product_variation,https://bc-click.uz/product/svitshot-heart/?attribute_pa_color=white&attribute_pa_size=s
33056,"Свитшот ""HEART"" - Белый, XL",,"Цвет: Белый, Размер: XL",04.02.2022,product_variation,https://bc-click.uz/product/svitshot-heart/?attribute_pa_color=white&attribute_pa_size=xl
33057,"Свитшот ""HEART"" - Белый, XXL",,"Цвет: Белый, Размер: XXL",04.02.2022,product_variation,https://bc-click.uz/product/svitshot-heart/?attribute_pa_color=white&attribute_pa_size=xxl
33058,"Свитшот ""HEART"" - Красный, L",,"Цвет: Красный, Размер: L",04.02.2022,product_variation,https://bc-click.uz/product/svitshot-heart/?attribute_pa_color=krasnyj&attribute_pa_size=l
33059,"Свитшот ""HEART"" - Красный, M",,"Цвет: Красный, Размер: M",04.02.2022,product_variation,https://bc-click.uz/product/svitshot-heart/?attribute_pa_color=krasnyj&attribute_pa_size=m
33060,"Свитшот ""HEART"" - Красный, S",,"Цвет: Красный, Размер: S",04.02.2022,product_variation,https://bc-click.uz/product/svitshot-heart/?attribute_pa_color=krasnyj&attribute_pa_size=s
33061,"Свитшот ""HEART"" - Красный, XL",,"Цвет: Красный, Размер: XL",04.02.2022,product_variation,https://bc-click.uz/product/svitshot-heart/?attribute_pa_color=krasnyj&attribute_pa_size=xl
33062,"Свитшот ""HEART"" - Красный, XXL",,"Цвет: Красный, Размер: XXL",04.02.2022,product_variation,https://bc-click.uz/product/svitshot-heart/?attribute_pa_color=krasnyj&attribute_pa_size=xxl
33077,"Свитшот ""WHITE HEART""",,,07.02.2022,product,https://bc-click.uz/?post_type=product&p=33077
33078,"Чехол для телефона ""CHIP""",,"Силиконовый чехол с фирменным принтом ""CHIP"", выполнен из качественных материалов. Поверхность принта не скользкая. Благодаря ребристой поверхности по бокам телефон надежно держится в руке. Заглушки для углублений предотвращают загрязнение и случайное попадание внешних раздражителей.",07.02.2022,product,https://bc-click.uz/product/chehol-dlya-telefona-chip/
33079,"Костюм двойка ""Casual Bling""","СОСТАВ:  92% Хлопок, 8% Лайкра.

ПАРАМЕТРЫ: Рост модели на фото: 173 см. Размер изделия на модели: S.

УХОД: Машинная стирка при 30С', с максимальным отжимом до 800 оборотов. Ручная стирка при 30-40С', с замачиванием не более 15 минут, без трения на месте нанесения принта. Гладить при средней температуре, вывернув изделие наизнанку.","Костюм свободного кроя с модным принтом ""Casual Bling"".",07.02.2022,product,https://bc-click.uz/product/kostyum-dvojka-casual-bling-bez-manzheta/
33080,"Костюм двойка ""Casual""","СОСТАВ: 92% Хлопок, 8% Лайкра.

ПАРАМЕТРЫ: Рост модели на фото: 173 см. Размер изделия на модели: S.

УХОД: Машинная стирка при 30С', с максимальным отжимом до 800 оборотов. Ручная стирка при 30-40С', с замачиванием не более 15 минут, без трения на месте нанесения принта. Гладить при средней температуре, вывернув изделие наизнанку.","Костюм свободного кроя с модным принтом ""Casual"".",07.02.2022,product,https://bc-click.uz/product/kostyum-dvojka-casual-bling-s-manzhetom/
33081,"Свитшот ""RED HEART""",,,07.02.2022,product,https://bc-click.uz/?post_type=product&p=33081
33082,"Чехол для телефона ""ICONS""",,"Силиконовый чехол с фирменным принтом ""ICONS"", выполнен из качественных материалов. Поверхность принта не скользкая. Благодаря ребристой поверхности по бокам телефон надежно держится в руке. Заглушки для углублений предотвращают загрязнение и случайное попадание внешних раздражителей.",07.02.2022,product,https://bc-click.uz/product/chehol-dlya-telefona-icons/
33084,"Свитшот ""WHITE HEART"" - L",,"Размер: L",07.02.2022,product_variation,https://bc-click.uz/?post_type=product&p=33077&attribute_pa_size=l
33085,"Свитшот ""WHITE HEART"" - M",,"Размер: M",07.02.2022,product_variation,https://bc-click.uz/?post_type=product&p=33077&attribute_pa_size=m
33086,"Свитшот ""WHITE HEART"" - S",,"Размер: S",07.02.2022,product_variation,https://bc-click.uz/?post_type=product&p=33077&attribute_pa_size=s
33087,"Свитшот ""WHITE HEART"" - XL",,"Размер: XL",07.02.2022,product_variation,https://bc-click.uz/?post_type=product&p=33077&attribute_pa_size=xl
33088,"Свитшот ""WHITE HEART"" - XXL",,"Размер: XXL",07.02.2022,product_variation,https://bc-click.uz/?post_type=product&p=33077&attribute_pa_size=xxl
33089,"Чехол для телефона ""CHIP"" - Samsung Galaxy A 51",,"Модель: Samsung Galaxy A 51",07.02.2022,product_variation,https://bc-click.uz/product/chehol-dlya-telefona-chip/?attribute_model=Samsung+Galaxy+A+51
33090,"Чехол для телефона ""CHIP"" - Xiaomi Poco X3",,"Модель: Xiaomi Poco X3",07.02.2022,product_variation,https://bc-click.uz/product/chehol-dlya-telefona-chip/?attribute_model=Xiaomi+Poco+X3
33091,"Чехол для телефона ""CHIP"" - Xiaomi REDMI NOTE 10",,"Модель: Xiaomi REDMI NOTE 10",07.02.2022,product_variation,https://bc-click.uz/product/chehol-dlya-telefona-chip/?attribute_model=Xiaomi+REDMI+NOTE+10
33092,"Чехол для телефона ""CHIP"" - iPhone 12 PRO",,"Модель: iPhone 12 PRO",07.02.2022,product_variation,https://bc-click.uz/product/chehol-dlya-telefona-chip/?attribute_model=iPhone+12+PRO
33093,"Чехол для телефона ""CHIP"" - iPhone 12 PRO MAX",,"Модель: iPhone 12 PRO MAX",07.02.2022,product_variation,https://bc-click.uz/product/chehol-dlya-telefona-chip/?attribute_model=iPhone+12+PRO+MAX
33094,"Костюм двойка ""Casual Bling"" - Айвори, L",,"Цвет: Айвори, Размер: L",07.02.2022,product_variation,https://bc-click.uz/product/kostyum-dvojka-casual-bling-bez-manzheta/?attribute_pa_color=ajvori&attribute_pa_size=l
33095,"Костюм двойка ""Casual Bling"" - Айвори, M",,"Цвет: Айвори, Размер: M",07.02.2022,product_variation,https://bc-click.uz/product/kostyum-dvojka-casual-bling-bez-manzheta/?attribute_pa_color=ajvori&attribute_pa_size=m
33096,"Костюм двойка ""Casual Bling"" - Айвори, S",,"Цвет: Айвори, Размер: S",07.02.2022,product_variation,https://bc-click.uz/product/kostyum-dvojka-casual-bling-bez-manzheta/?attribute_pa_color=ajvori&attribute_pa_size=s
33097,"Костюм двойка ""Casual Bling"" - Айвори, XL",,"Цвет: Айвори, Размер: XL",07.02.2022,product_variation,https://bc-click.uz/product/kostyum-dvojka-casual-bling-bez-manzheta/?attribute_pa_color=ajvori&attribute_pa_size=xl
33098,"Костюм двойка ""Casual Bling"" - Айвори, XXL",,"Цвет: Айвори, Размер: XXL",07.02.2022,product_variation,https://bc-click.uz/product/kostyum-dvojka-casual-bling-bez-manzheta/?attribute_pa_color=ajvori&attribute_pa_size=xxl
33099,"Костюм двойка ""Casual Bling"" - Бежевый, L",,"Цвет: Бежевый, Размер: L",07.02.2022,product_variation,https://bc-click.uz/product/kostyum-dvojka-casual-bling-bez-manzheta/?attribute_pa_color=beige&attribute_pa_size=l
33100,"Костюм двойка ""Casual Bling"" - Бежевый, M",,"Цвет: Бежевый, Размер: M",07.02.2022,product_variation,https://bc-click.uz/product/kostyum-dvojka-casual-bling-bez-manzheta/?attribute_pa_color=beige&attribute_pa_size=m
33101,"Костюм двойка ""Casual Bling"" - Бежевый, S",,"Цвет: Бежевый, Размер: S",07.02.2022,product_variation,https://bc-click.uz/product/kostyum-dvojka-casual-bling-bez-manzheta/?attribute_pa_color=beige&attribute_pa_size=s
33102,"Костюм двойка ""Casual Bling"" - Бежевый, XL",,"Цвет: Бежевый, Размер: XL",07.02.2022,product_variation,https://bc-click.uz/product/kostyum-dvojka-casual-bling-bez-manzheta/?attribute_pa_color=beige&attribute_pa_size=xl
33103,"Костюм двойка ""Casual Bling"" - Бежевый, XXL",,"Цвет: Бежевый, Размер: XXL",07.02.2022,product_variation,https://bc-click.uz/product/kostyum-dvojka-casual-bling-bez-manzheta/?attribute_pa_color=beige&attribute_pa_size=xxl
33104,"Костюм двойка ""Casual"" - Айвори, L",,"Цвет: Айвори, Размер: L",07.02.2022,product_variation,https://bc-click.uz/product/kostyum-dvojka-casual-bling-s-manzhetom/?attribute_pa_color=ajvori&attribute_pa_size=l
33105,"Костюм двойка ""Casual"" - Айвори, M",,"Цвет: Айвори, Размер: M",07.02.2022,product_variation,https://bc-click.uz/product/kostyum-dvojka-casual-bling-s-manzhetom/?attribute_pa_color=ajvori&attribute_pa_size=m
33106,"Костюм двойка ""Casual"" - Айвори, S",,"Цвет: Айвори, Размер: S",07.02.2022,product_variation,https://bc-click.uz/product/kostyum-dvojka-casual-bling-s-manzhetom/?attribute_pa_color=ajvori&attribute_pa_size=s
33107,"Костюм двойка ""Casual"" - Айвори, XL",,"Цвет: Айвори, Размер: XL",07.02.2022,product_variation,https://bc-click.uz/product/kostyum-dvojka-casual-bling-s-manzhetom/?attribute_pa_color=ajvori&attribute_pa_size=xl
33108,"Костюм двойка ""Casual"" - Айвори, XXL",,"Цвет: Айвори, Размер: XXL",07.02.2022,product_variation,https://bc-click.uz/product/kostyum-dvojka-casual-bling-s-manzhetom/?attribute_pa_color=ajvori&attribute_pa_size=xxl
33109,"Костюм двойка ""Casual"" - Бежевый, L",,"Цвет: Бежевый, Размер: L",07.02.2022,product_variation,https://bc-click.uz/product/kostyum-dvojka-casual-bling-s-manzhetom/?attribute_pa_color=beige&attribute_pa_size=l
33110,"Костюм двойка ""Casual"" - Бежевый, M",,"Цвет: Бежевый, Размер: M",07.02.2022,product_variation,https://bc-click.uz/product/kostyum-dvojka-casual-bling-s-manzhetom/?attribute_pa_color=beige&attribute_pa_size=m
33111,"Костюм двойка ""Casual"" - Бежевый, S",,"Цвет: Бежевый, Размер: S",07.02.2022,product_variation,https://bc-click.uz/product/kostyum-dvojka-casual-bling-s-manzhetom/?attribute_pa_color=beige&attribute_pa_size=s
33112,"Костюм двойка ""Casual"" - Бежевый, XL",,"Цвет: Бежевый, Размер: XL",07.02.2022,product_variation,https://bc-click.uz/product/kostyum-dvojka-casual-bling-s-manzhetom/?attribute_pa_color=beige&attribute_pa_size=xl
33113,"Костюм двойка ""Casual"" - Бежевый, XXL",,"Цвет: Бежевый, Размер: XXL",07.02.2022,product_variation,https://bc-click.uz/product/kostyum-dvojka-casual-bling-s-manzhetom/?attribute_pa_color=beige&attribute_pa_size=xxl
33114,"Свитшот ""RED HEART"" - L",,"Размер: L",07.02.2022,product_variation,https://bc-click.uz/?post_type=product&p=33081&attribute_pa_size=l
33115,"Свитшот ""RED HEART"" - M",,"Размер: M",07.02.2022,product_variation,https://bc-click.uz/?post_type=product&p=33081&attribute_pa_size=m
33116,"Свитшот ""RED HEART"" - S",,"Размер: S",07.02.2022,product_variation,https://bc-click.uz/?post_type=product&p=33081&attribute_pa_size=s
33117,"Свитшот ""RED HEART"" - XL",,"Размер: XL",07.02.2022,product_variation,https://bc-click.uz/?post_type=product&p=33081&attribute_pa_size=xl
33118,"Свитшот ""RED HEART"" - XXL",,"Размер: XXL",07.02.2022,product_variation,https://bc-click.uz/?post_type=product&p=33081&attribute_pa_size=xxl
33119,"Чехол для телефона ""ICONS"" - iPhone 12 PRO",,"Модель: iPhone 12 PRO",07.02.2022,product_variation,https://bc-click.uz/product/chehol-dlya-telefona-icons/?attribute_model=iPhone+12+PRO
33120,"Чехол для телефона ""ICONS"" - iPhone 12 PRO MAX",,"Модель: iPhone 12 PRO MAX",07.02.2022,product_variation,https://bc-click.uz/product/chehol-dlya-telefona-icons/?attribute_model=iPhone+12+PRO+MAX
33212,"Свитшот ""INFINITY Man""","СОСТАВ: 92% хлопок, 8% лайкра.

УХОД: Машинная стирка при 30С',с максимальным отжимом до 800 оборотов. Ручная стирка при 30-40С', с замачиванием не более 15 минут, без трения на месте нанесения принта. Гладить при средней температуре, вывернув изделие наизнанку.","Свитшот с принтом в виде знака бесконечности. Выполнен из качественного трикотажа.",15.02.2022,product,https://bc-click.uz/product/svitshot-infinity-man/
33213,"Свитшот ""INFINITY Man"" - L",,"Размер: L",15.02.2022,product_variation,https://bc-click.uz/product/svitshot-infinity-man/?attribute_pa_size=l
33214,"Свитшот ""INFINITY Man"" - M",,"Размер: M",15.02.2022,product_variation,https://bc-click.uz/product/svitshot-infinity-man/?attribute_pa_size=m
33215,"Свитшот ""INFINITY Man"" - S",,"Размер: S",15.02.2022,product_variation,https://bc-click.uz/product/svitshot-infinity-man/?attribute_pa_size=s
33216,"Свитшот ""INFINITY Man"" - XL",,"Размер: XL",15.02.2022,product_variation,https://bc-click.uz/product/svitshot-infinity-man/?attribute_pa_size=xl
33217,"Свитшот ""INFINITY Man"" - XXL",,"Размер: XXL",15.02.2022,product_variation,https://bc-click.uz/product/svitshot-infinity-man/?attribute_pa_size=xxl
